absolute_fpr_error,auprc,calibration_budget_videos,calibration_frames,calibration_videos,context_rank,cv_fpr_by_video,cv_mean_absolute_fpr_error,desired_fpr,direction,fa_hour_denominator,false_alarm_events_per_hour,location_dependent_recall,location_independent_recall,macro_scene_auroc,macro_video_auroc,method,micro_auroc,per_scene_auroc,per_scene_threshold_recall,per_source_video_thresholds,per_video_auroc,q95_transfer_ratio,q99_transfer_ratio,scene_auroc_std,score_artifact,scorer,seed,selected_alpha,source_normal_q95,source_normal_q99,target_test_anomaly_median,target_test_normal_q95,target_test_normal_q99,threshold,threshold_false_positive_rate,threshold_recall,tpr_at_0_1pct_fpr,tpr_at_1pct_fpr,track,uses_target_anomalies,uses_target_normal,worst_scene_auroc
0.99,0.19128157324547604,,,,,,,0.01,ped2_to_avenue,total represented test-video duration,499.216913744142,,,0.37378312194875696,0.3442224219200661,B0_pooled_q99,0.37378312194875696,"{""avenue_camera_01"": 0.37378312194875696}","{""avenue_camera_01"": 1.0}",,"{""test_01"": 0.36320391396131685, ""test_02"": 0.13663402030883856, ""test_03"": 0.3284661497002695, ""test_04"": 0.24551131928181108, ""test_05"": 0.3129546968991611, ""test_06"": 0.4243352276139161, ""test_07"": 0.3244779543231117, ""test_09"": 0.3591703312582502, ""test_10"": 0.6389915466632683, ""test_11"": 0.27557588075880757, ""test_12"": 0.09229271142704124, ""test_13"": 0.2651476793248945, ""test_14"": 0.04378628050683478, ""test_15"": 0.6817904622514941, ""test_16"": 0.7248287994882159, ""test_17"": 0.36030505952380953, ""test_19"": 0.373015873015873, ""test_20"": 0.4789915966386555, ""test_21"": 0.11074651353568499}",14.260344413819226,12.657895611825131,0.0,analysis/track_b/scores/ped2_to_avenue/knn_seed13_b0_pooled_q99.npz,knn,13,,232.06331136113354,265.68415222773507,2977.185824397832,3309.3027458211322,3363.0022646149278,265.8026200125154,1.0,1.0,0.002963362068965517,0.009159482758620689,B-ZS,False,False,0.37378312194875696
0.99,0.19128157324547604,,,,,,,0.01,ped2_to_avenue,total represented test-video duration,499.216913744142,,,0.37378312194875696,0.3442224219200661,B1_source_mean_std,0.37378312194875696,"{""avenue_camera_01"": 0.37378312194875696}","{""avenue_camera_01"": 1.0}",,"{""test_01"": 0.36320391396131685, ""test_02"": 0.13663402030883856, ""test_03"": 0.3284661497002695, ""test_04"": 0.24551131928181108, ""test_05"": 0.3129546968991611, ""test_06"": 0.4243352276139161, ""test_07"": 0.3244779543231117, ""test_09"": 0.3591703312582502, ""test_10"": 0.6389915466632683, ""test_11"": 0.27557588075880757, ""test_12"": 0.09229271142704124, ""test_13"": 0.2651476793248945, ""test_14"": 0.04378628050683478, ""test_15"": 0.6817904622514941, ""test_16"": 0.7248287994882159, ""test_17"": 0.36030505952380953, ""test_19"": 0.373015873015873, ""test_20"": 0.4789915966386555, ""test_21"": 0.11074651353568499}",48.61605137230444,32.52584965274496,0.0,analysis/track_b/scores/ped2_to_avenue/knn_seed13_b1_source_mean_std.npz,knn,13,,2.048559116602189,3.1142939505853495,89.06520148145242,99.59285525193461,101.29505681119223,3.118049217904396,1.0,1.0,0.002963362068965517,0.009159482758620689,B-ZS,False,False,0.37378312194875696
0.99,0.19128157324547604,,,,,,,0.01,ped2_to_avenue,total represented test-video duration,499.216913744142,,,0.37378312194875696,0.3442224219200661,B2_source_median_mad,0.37378312194875696,"{""avenue_camera_01"": 0.37378312194875696}","{""avenue_camera_01"": 1.0}",,"{""test_01"": 0.36320391396131685, ""test_02"": 0.13663402030883856, ""test_03"": 0.3284661497002695, ""test_04"": 0.24551131928181108, ""test_05"": 0.3129546968991611, ""test_06"": 0.4243352276139161, ""test_07"": 0.3244779543231117, ""test_09"": 0.3591703312582502, ""test_10"": 0.6389915466632683, ""test_11"": 0.27557588075880757, ""test_12"": 0.09229271142704124, ""test_13"": 0.2651476793248945, ""test_14"": 0.04378628050683478, ""test_15"": 0.6817904622514941, ""test_16"": 0.7248287994882159, ""test_17"": 0.36030505952380953, ""test_19"": 0.373015873015873, ""test_20"": 0.4789915966386555, ""test_21"": 0.11074651353568499}",43.93025522636893,30.414000404077125,0.0,analysis/track_b/scores/ped2_to_avenue/knn_seed13_b2_source_median_mad.npz,knn,13,,2.9745782469429702,4.369777226297265,116.89178048431958,130.67398157900973,132.90240632633206,4.374693407099158,1.0,1.0,0.002963362068965517,0.009159482758620689,B-ZS,False,False,0.37378312194875696
0.99,0.19128157324547604,,,,,,,0.01,ped2_to_avenue,total represented test-video duration,499.216913744142,,,0.37378312194875696,0.3442224219200661,B3_video_balanced_q99,0.37378312194875696,"{""avenue_camera_01"": 0.37378312194875696}","{""avenue_camera_01"": 1.0}","{""train013"": 217.51002465083928, ""train014"": 270.31506549481236, ""train015"": 290.7001699008739, ""train016"": 222.3214641839042}","{""test_01"": 0.36320391396131685, ""test_02"": 0.13663402030883856, ""test_03"": 0.3284661497002695, ""test_04"": 0.24551131928181108, ""test_05"": 0.3129546968991611, ""test_06"": 0.4243352276139161, ""test_07"": 0.3244779543231117, ""test_09"": 0.3591703312582502, ""test_10"": 0.6389915466632683, ""test_11"": 0.27557588075880757, ""test_12"": 0.09229271142704124, ""test_13"": 0.2651476793248945, ""test_14"": 0.04378628050683478, ""test_15"": 0.6817904622514941, ""test_16"": 0.7248287994882159, ""test_17"": 0.36030505952380953, ""test_19"": 0.373015873015873, ""test_20"": 0.4789915966386555, ""test_21"": 0.11074651353568499}",14.260344413819226,12.657895611825131,0.0,analysis/track_b/scores/ped2_to_avenue/knn_seed13_b3_video_balanced_q99.npz,knn,13,,232.06331136113354,265.68415222773507,2977.185824397832,3309.3027458211322,3363.0022646149278,246.31826483935828,1.0,1.0,0.002963362068965517,0.009159482758620689,B-ZS,False,False,0.37378312194875696
0.99,0.18441677503985168,,,,8,"{""train013"": 0.0, ""train014"": 0.03333333333333333, ""train015"": 0.006666666666666667, ""train016"": 0.0}",0.011666666666666667,0.01,ped2_to_avenue,total represented test-video duration,499.216913744142,,,0.3441644187567558,0.30687184997264266,B4_conditional_location,0.3441644187567558,"{""avenue_camera_01"": 0.3441644187567558}","{""avenue_camera_01"": 1.0}",,"{""test_01"": 0.3858927179019037, ""test_02"": 0.167147349235915, ""test_03"": 0.3437826541274817, ""test_04"": 0.20961446450605625, ""test_05"": 0.38022473551131436, ""test_06"": 0.3580435957485138, ""test_07"": 0.35077421313632223, ""test_09"": 0.36894951846094964, ""test_10"": 0.4524446709995327, ""test_11"": 0.340722391598916, ""test_12"": 0.13547884512391062, ""test_13"": 0.23946554149085794, ""test_14"": 0.05367954559640472, ""test_15"": 0.44724966459324306, ""test_16"": 0.19495776327076578, ""test_17"": 0.6101810515873016, ""test_19"": 0.35555555555555557, ""test_20"": 0.30268471024773547, ""test_21"": 0.13371616078753076}",11.118225031847157,7.969710378612628,0.0,analysis/track_b/scores/ped2_to_avenue/knn_seed13_b4_conditional_location.npz,knn,13,0.001,1.8824294387958715,2.64753463320565,19.891780215058972,20.929274107106256,21.100084243995447,2.6817555889538096,1.0,1.0,0.0010775862068965517,0.010775862068965518,B-ZS,False,False,0.3441644187567558
0.007309679641749915,0.19128157324547604,1,1364,"[""train_01""]",,,,0.01,ped2_to_avenue,total represented test-video duration,305.40328840818097,,,0.37378312194875696,0.3442224219200661,CAL_quantile_q99,0.37378312194875696,"{""avenue_camera_01"": 0.37378312194875696}","{""avenue_camera_01"": 0.010775862068965518}",,"{""test_01"": 0.36320391396131685, ""test_02"": 0.13663402030883856, ""test_03"": 0.3284661497002695, ""test_04"": 0.24551131928181108, ""test_05"": 0.3129546968991611, ""test_06"": 0.4243352276139161, ""test_07"": 0.3244779543231117, ""test_09"": 0.3591703312582502, ""test_10"": 0.6389915466632683, ""test_11"": 0.27557588075880757, ""test_12"": 0.09229271142704124, ""test_13"": 0.2651476793248945, ""test_14"": 0.04378628050683478, ""test_15"": 0.6817904622514941, ""test_16"": 0.7248287994882159, ""test_17"": 0.36030505952380953, ""test_19"": 0.373015873015873, ""test_20"": 0.4789915966386555, ""test_21"": 0.11074651353568499}",14.260344413819226,12.657895611825131,0.0,analysis/track_b/scores/ped2_to_avenue/knn_seed13_cal_quantile_q99_budget1.npz,knn,13,,232.06331136113354,265.68415222773507,2977.185824397832,3309.3027458211322,3363.0022646149278,3350.2598205612885,0.017309679641749915,0.010775862068965518,0.002963362068965517,0.009159482758620689,B-CAL,False,True,0.37378312194875696
0.01,0.19128157324547604,1,1364,"[""train_01""]",,,,0.01,ped2_to_avenue,total represented test-video duration,0.0,,,0.37378312194875696,0.3442224219200661,CAL_mean_std,0.37378312194875696,"{""avenue_camera_01"": 0.37378312194875696}","{""avenue_camera_01"": 0.0}",,"{""test_01"": 0.36320391396131685, ""test_02"": 0.13663402030883856, ""test_03"": 0.3284661497002695, ""test_04"": 0.24551131928181108, ""test_05"": 0.3129546968991611, ""test_06"": 0.4243352276139161, ""test_07"": 0.3244779543231117, ""test_09"": 0.3591703312582502, ""test_10"": 0.6389915466632683, ""test_11"": 0.27557588075880757, ""test_12"": 0.09229271142704124, ""test_13"": 0.2651476793248945, ""test_14"": 0.04378628050683478, ""test_15"": 0.6817904622514941, ""test_16"": 0.7248287994882159, ""test_17"": 0.36030505952380953, ""test_19"": 0.373015873015873, ""test_20"": 0.4789915966386555, ""test_21"": 0.11074651353568499}",0.8865912593310195,0.809698356701225,0.0,analysis/track_b/scores/ped2_to_avenue/knn_seed13_cal_mean_std_budget1.npz,knn,13,,232.06331136113354,265.68415222773507,147.7404829788694,205.74530346419385,215.1240214603552,265.8026200125154,0.0,0.0,0.002963362068965517,0.009159482758620689,B-CAL,False,True,0.37378312194875696
0.01,0.19128157324547604,1,1364,"[""train_01""]",,,,0.01,ped2_to_avenue,total represented test-video duration,0.0,,,0.37378312194875696,0.3442224219200661,CAL_median_mad,0.37378312194875696,"{""avenue_camera_01"": 0.37378312194875696}","{""avenue_camera_01"": 0.0}",,"{""test_01"": 0.36320391396131685, ""test_02"": 0.13663402030883856, ""test_03"": 0.3284661497002695, ""test_04"": 0.24551131928181108, ""test_05"": 0.3129546968991611, ""test_06"": 0.4243352276139161, ""test_07"": 0.3244779543231117, ""test_09"": 0.3591703312582502, ""test_10"": 0.6389915466632683, ""test_11"": 0.27557588075880757, ""test_12"": 0.09229271142704124, ""test_13"": 0.2651476793248945, ""test_14"": 0.04378628050683478, ""test_15"": 0.6817904622514941, ""test_16"": 0.7248287994882159, ""test_17"": 0.36030505952380953, ""test_19"": 0.373015873015873, ""test_20"": 0.4789915966386555, ""test_21"": 0.11074651353568499}",0.7984138886882892,0.7212441940668658,0.0,analysis/track_b/scores/ped2_to_avenue/knn_seed13_cal_median_mad_budget1.npz,knn,13,,232.06331136113354,265.68415222773507,146.0677990327354,185.28257084572388,191.62315224983126,265.8026200125154,0.0,0.0,0.002963362068965517,0.009159482758620689,B-CAL,False,True,0.37378312194875696
0.007137444023424045,0.18997400745174398,1,1364,"[""train_01""]",,,,0.01,ped2_to_avenue,total represented test-video duration,299.53014824648517,,,0.3738267144496775,0.3441896168347782,CAL_empirical_cdf,0.3738267144496775,"{""avenue_camera_01"": 0.3738267144496775}","{""avenue_camera_01"": 0.010775862068965518}",,"{""test_01"": 0.36321461174188396, ""test_02"": 0.136804262052114, ""test_03"": 0.3287136336138151, ""test_04"": 0.24553020573644582, ""test_05"": 0.3130847733019324, ""test_06"": 0.4243065677491907, ""test_07"": 0.3227659143811355, ""test_09"": 0.3599553219242816, ""test_10"": 0.6389756170086233, ""test_11"": 0.27566056910569103, ""test_12"": 0.09232679293052241, ""test_13"": 0.26547116736990156, ""test_14"": 0.043193308782223334, ""test_15"": 0.6818453469935358, ""test_16"": 0.7248869567745969, ""test_17"": 0.36008804563492064, ""test_19"": 0.3728505291005291, ""test_20"": 0.4791825821237586, ""test_21"": 0.11074651353568499}",0.8620488219070838,1.0989417871108966,0.0,analysis/track_b/scores/ped2_to_avenue/knn_seed13_cal_empirical_cdf_budget1.npz,knn,13,,232.06331136113354,265.68415222773507,147.26378083793674,200.04990416672194,291.97141705619066,265.8026200125154,0.017137444023424046,0.010775862068965518,0.0,0.009159482758620689,B-CAL,False,True,0.3738267144496775
0.009569410954185325,0.19128157324547604,2,2875,"[""train_01"", ""train_02""]",,,,0.01,ped2_to_avenue,total represented test-video duration,17.619420485087364,,,0.37378312194875696,0.3442224219200661,CAL_quantile_q99,0.37378312194875696,"{""avenue_camera_01"": 0.37378312194875696}","{""avenue_camera_01"": 0.0018857758620689656}",,"{""test_01"": 0.36320391396131685, ""test_02"": 0.13663402030883856, ""test_03"": 0.3284661497002695, ""test_04"": 0.24551131928181108, ""test_05"": 0.3129546968991611, ""test_06"": 0.4243352276139161, ""test_07"": 0.3244779543231117, ""test_09"": 0.3591703312582502, ""test_10"": 0.6389915466632683, ""test_11"": 0.27557588075880757, ""test_12"": 0.09229271142704124, ""test_13"": 0.2651476793248945, ""test_14"": 0.04378628050683478, ""test_15"": 0.6817904622514941, ""test_16"": 0.7248287994882159, ""test_17"": 0.36030505952380953, ""test_19"": 0.373015873015873, ""test_20"": 0.4789915966386555, ""test_21"": 0.11074651353568499}",14.260344413819226,12.657895611825131,0.0,analysis/track_b/scores/ped2_to_avenue/knn_seed13_cal_quantile_q99_budget2.npz,knn,13,,232.06331136113354,265.68415222773507,2977.185824397832,3309.3027458211322,3363.0022646149278,3408.2457916056883,0.0004305890458146745,0.0018857758620689656,0.002963362068965517,0.009159482758620689,B-CAL,False,True,0.37378312194875696
0.01,0.19128157324547604,2,2875,"[""train_01"", ""train_02""]",,,,0.01,ped2_to_avenue,total represented test-video duration,0.0,,,0.37378312194875696,0.3442224219200661,CAL_mean_std,0.37378312194875696,"{""avenue_camera_01"": 0.37378312194875696}","{""avenue_camera_01"": 0.0}",,"{""test_01"": 0.36320391396131685, ""test_02"": 0.13663402030883856, ""test_03"": 0.3284661497002695, ""test_04"": 0.24551131928181108, ""test_05"": 0.3129546968991611, ""test_06"": 0.4243352276139161, ""test_07"": 0.3244779543231117, ""test_09"": 0.3591703312582502, ""test_10"": 0.6389915466632683, ""test_11"": 0.27557588075880757, ""test_12"": 0.09229271142704124, ""test_13"": 0.2651476793248945, ""test_14"": 0.04378628050683478, ""test_15"": 0.6817904622514941, ""test_16"": 0.7248287994882159, ""test_17"": 0.36030505952380953, ""test_19"": 0.373015873015873, ""test_20"": 0.4789915966386555, ""test_21"": 0.11074651353568499}",0.8662389849887617,0.7926675621121383,0.0,analysis/track_b/scores/ped2_to_avenue/knn_seed13_cal_mean_std_budget2.npz,knn,13,,232.06331136113354,265.68415222773507,141.79162923383655,201.0222872865993,210.599209238189,265.8026200125154,0.0,0.0,0.002963362068965517,0.009159482758620689,B-CAL,False,True,0.37378312194875696
0.01,0.19128157324547604,2,2875,"[""train_01"", ""train_02""]",,,,0.01,ped2_to_avenue,total represented test-video duration,0.0,,,0.37378312194875696,0.3442224219200661,CAL_median_mad,0.37378312194875696,"{""avenue_camera_01"": 0.37378312194875696}","{""avenue_camera_01"": 0.0}",,"{""test_01"": 0.36320391396131685, ""test_02"": 0.13663402030883856, ""test_03"": 0.3284661497002695, ""test_04"": 0.24551131928181108, ""test_05"": 0.3129546968991611, ""test_06"": 0.4243352276139161, ""test_07"": 0.3244779543231117, ""test_09"": 0.3591703312582502, ""test_10"": 0.6389915466632683, ""test_11"": 0.27557588075880757, ""test_12"": 0.09229271142704124, ""test_13"": 0.2651476793248945, ""test_14"": 0.04378628050683478, ""test_15"": 0.6817904622514941, ""test_16"": 0.7248287994882159, ""test_17"": 0.36030505952380953, ""test_19"": 0.373015873015873, ""test_20"": 0.4789915966386555, ""test_21"": 0.11074651353568499}",0.7779542994358344,0.7018723886115541,0.0,analysis/track_b/scores/ped2_to_avenue/knn_seed13_cal_median_mad_budget2.npz,knn,13,,232.06331136113354,265.68415222773507,143.78673002223871,180.53465081471055,186.47637054031617,265.8026200125154,0.0,0.0,0.002963362068965517,0.009159482758620689,B-CAL,False,True,0.37378312194875696
0.009569410954185325,0.19151641951749077,2,2875,"[""train_01"", ""train_02""]",,,,0.01,ped2_to_avenue,total represented test-video duration,17.619420485087364,,,0.3738302176256429,0.3443035217446965,CAL_empirical_cdf,0.3738302176256429,"{""avenue_camera_01"": 0.3738302176256429}","{""avenue_camera_01"": 0.0018857758620689656}",,"{""test_01"": 0.3632585915064377, ""test_02"": 0.13666406296941658, ""test_03"": 0.3286380135291206, ""test_04"": 0.24547984185741986, ""test_05"": 0.3130277222480854, ""test_06"": 0.4243734407668834, ""test_07"": 0.32455385757177074, ""test_09"": 0.36014278238184133, ""test_10"": 0.6388163204621724, ""test_11"": 0.2757876016260163, ""test_12"": 0.09233409610983982, ""test_13"": 0.26531645569620255, ""test_14"": 0.043162099744085886, ""test_15"": 0.6818209537748506, ""test_16"": 0.724945114060978, ""test_17"": 0.36042906746031744, ""test_19"": 0.37311507936507937, ""test_20"": 0.47915529848302957, ""test_21"": 0.11074651353568499}",0.8282570530747202,0.8665699936802638,0.0,analysis/track_b/scores/ped2_to_avenue/knn_seed13_cal_empirical_cdf_budget2.npz,knn,13,,232.06331136113354,265.68415222773507,144.80940829506113,192.2080743947337,230.2339141169346,265.8026200125154,0.0004305890458146745,0.0018857758620689656,0.002963362068965517,0.009159482758620689,B-CAL,False,True,0.3738302176256429
0.01,0.19128157324547604,4,5873,"[""train_01"", ""train_02"", ""train_03"", ""train_04""]",,,,0.01,ped2_to_avenue,total represented test-video duration,0.0,,,0.37378312194875696,0.3442224219200661,CAL_quantile_q99,0.37378312194875696,"{""avenue_camera_01"": 0.37378312194875696}","{""avenue_camera_01"": 0.0}",,"{""test_01"": 0.36320391396131685, ""test_02"": 0.13663402030883856, ""test_03"": 0.3284661497002695, ""test_04"": 0.24551131928181108, ""test_05"": 0.3129546968991611, ""test_06"": 0.4243352276139161, ""test_07"": 0.3244779543231117, ""test_09"": 0.3591703312582502, ""test_10"": 0.6389915466632683, ""test_11"": 0.27557588075880757, ""test_12"": 0.09229271142704124, ""test_13"": 0.2651476793248945, ""test_14"": 0.04378628050683478, ""test_15"": 0.6817904622514941, ""test_16"": 0.7248287994882159, ""test_17"": 0.36030505952380953, ""test_19"": 0.373015873015873, ""test_20"": 0.4789915966386555, ""test_21"": 0.11074651353568499}",14.260344413819226,12.657895611825131,0.0,analysis/track_b/scores/ped2_to_avenue/knn_seed13_cal_quantile_q99_budget4.npz,knn,13,,232.06331136113354,265.68415222773507,2977.185824397832,3309.3027458211322,3363.0022646149278,3493.6553994444957,0.0,0.0,0.002963362068965517,0.009159482758620689,B-CAL,False,True,0.37378312194875696
0.01,0.19128157324547604,4,5873,"[""train_01"", ""train_02"", ""train_03"", ""train_04""]",,,,0.01,ped2_to_avenue,total represented test-video duration,0.0,,,0.37378312194875696,0.3442224219200661,CAL_mean_std,0.37378312194875696,"{""avenue_camera_01"": 0.37378312194875696}","{""avenue_camera_01"": 0.0}",,"{""test_01"": 0.36320391396131685, ""test_02"": 0.13663402030883856, ""test_03"": 0.3284661497002695, ""test_04"": 0.24551131928181108, ""test_05"": 0.3129546968991611, ""test_06"": 0.4243352276139161, ""test_07"": 0.3244779543231117, ""test_09"": 0.3591703312582502, ""test_10"": 0.6389915466632683, ""test_11"": 0.27557588075880757, ""test_12"": 0.09229271142704124, ""test_13"": 0.2651476793248945, ""test_14"": 0.04378628050683478, ""test_15"": 0.6817904622514941, ""test_16"": 0.7248287994882159, ""test_17"": 0.36030505952380953, ""test_19"": 0.373015873015873, ""test_20"": 0.4789915966386555, ""test_21"": 0.11074651353568499}",0.8485251750270854,0.7774519389001088,0.0,analysis/track_b/scores/ped2_to_avenue/knn_seed13_cal_mean_std_budget4.npz,knn,13,,232.06331136113354,265.68415222773507,137.2592572621454,196.91156189007086,206.55665928448428,265.8026200125154,0.0,0.0,0.002963362068965517,0.009159482758620689,B-CAL,False,True,0.37378312194875696
0.01,0.19128157324547604,4,5873,"[""train_01"", ""train_02"", ""train_03"", ""train_04""]",,,,0.01,ped2_to_avenue,total represented test-video duration,0.0,,,0.37378312194875696,0.3442224219200661,CAL_median_mad,0.37378312194875696,"{""avenue_camera_01"": 0.37378312194875696}","{""avenue_camera_01"": 0.0}",,"{""test_01"": 0.36320391396131685, ""test_02"": 0.13663402030883856, ""test_03"": 0.3284661497002695, ""test_04"": 0.24551131928181108, ""test_05"": 0.3129546968991611, ""test_06"": 0.4243352276139161, ""test_07"": 0.3244779543231117, ""test_09"": 0.3591703312582502, ""test_10"": 0.6389915466632683, ""test_11"": 0.27557588075880757, ""test_12"": 0.09229271142704124, ""test_13"": 0.2651476793248945, ""test_14"": 0.04378628050683478, ""test_15"": 0.6817904622514941, ""test_16"": 0.7248287994882159, ""test_17"": 0.36030505952380953, ""test_19"": 0.373015873015873, ""test_20"": 0.4789915966386555, ""test_21"": 0.11074651353568499}",0.7818874147185212,0.7083220203704583,0.0,analysis/track_b/scores/ped2_to_avenue/knn_seed13_cal_median_mad_budget4.npz,knn,13,,232.06331136113354,265.68415222773507,139.7465262688296,181.44738257117592,188.18993548636172,265.8026200125154,0.0,0.0,0.002963362068965517,0.009159482758620689,B-CAL,False,True,0.37378312194875696
0.01,0.19153565216847773,4,5873,"[""train_01"", ""train_02"", ""train_03"", ""train_04""]",,,,0.01,ped2_to_avenue,total represented test-video duration,0.0,,,0.37381915130156673,0.3442942245824505,CAL_empirical_cdf,0.37381915130156673,"{""avenue_camera_01"": 0.37381915130156673}","{""avenue_camera_01"": 0.0}",,"{""test_01"": 0.3632324413761625, ""test_02"": 0.1366240060886459, ""test_03"": 0.32859676621019634, ""test_04"": 0.24553650122132406, ""test_05"": 0.3130140299951621, ""test_06"": 0.42432703908113745, ""test_07"": 0.3244948217117026, ""test_09"": 0.36015840408663796, ""test_10"": 0.6389331379295697, ""test_11"": 0.27576642953929537, ""test_12"": 0.09233896489605141, ""test_13"": 0.26528832630098453, ""test_14"": 0.043177704263154607, ""test_15"": 0.6817233809001098, ""test_16"": 0.7248724174530017, ""test_17"": 0.36052207341269843, ""test_19"": 0.37308201058201057, ""test_20"": 0.47915529848302957, ""test_21"": 0.11074651353568499}",0.8196107157963465,0.7901566580570677,0.0,analysis/track_b/scores/ped2_to_avenue/knn_seed13_cal_empirical_cdf_budget4.npz,knn,13,,232.06331136113354,265.68415222773507,140.06911671645088,190.20157673476908,209.93210182299237,265.8026200125154,0.0,0.0,0.002963362068965517,0.009159482758620689,B-CAL,False,True,0.37381915130156673
0.99,0.20003216727428388,,,,,,,0.01,ped2_to_avenue,total represented test-video duration,499.216913744142,,,0.3566570922470215,0.3289734708950813,B0_pooled_q99,0.3566570922470215,"{""avenue_camera_01"": 0.3566570922470215}","{""avenue_camera_01"": 1.0}",,"{""test_01"": 0.39571328046252446, ""test_02"": 0.12803180516333193, ""test_03"": 0.35431446955947865, ""test_04"": 0.21928432927904107, ""test_05"": 0.32894724831357086, ""test_06"": 0.45077872946725406, ""test_07"": 0.332726107344061, ""test_09"": 0.3315824005873761, ""test_10"": 0.5157278790195828, ""test_11"": 0.28730521680216803, ""test_12"": 0.12622328253566387, ""test_13"": 0.2917862165963432, ""test_14"": 0.052992946757380935, ""test_15"": 0.7368337602146603, ""test_16"": 0.46489480800825833, ""test_17"": 0.27759176587301587, ""test_19"": 0.41574074074074074, ""test_20"": 0.38333515224271525, ""test_21"": 0.15668580803937654}",39.51491482739186,32.42249971771891,0.0,analysis/track_b/scores/ped2_to_avenue/gaussian_seed13_b0_pooled_q99.npz,gaussian,13,,604.9974733655807,756.1214338139322,20887.452904440564,23906.4236308282,24515.346974393433,765.6123642616803,1.0,1.0,0.010775862068965518,0.01697198275862069,B-ZS,False,False,0.3566570922470215
0.99,0.20003216727428388,,,,,,,0.01,ped2_to_avenue,total represented test-video duration,499.216913744142,,,0.3566570922470215,0.3289734708950813,B1_source_mean_std,0.3566570922470215,"{""avenue_camera_01"": 0.3566570922470215}","{""avenue_camera_01"": 1.0}",,"{""test_01"": 0.39571328046252446, ""test_02"": 0.12803180516333193, ""test_03"": 0.35431446955947865, ""test_04"": 0.21928432927904107, ""test_05"": 0.32894724831357086, ""test_06"": 0.45077872946725406, ""test_07"": 0.332726107344061, ""test_09"": 0.3315824005873761, ""test_10"": 0.5157278790195828, ""test_11"": 0.28730521680216803, ""test_12"": 0.12622328253566387, ""test_13"": 0.2917862165963432, ""test_14"": 0.052992946757380935, ""test_15"": 0.7368337602146603, ""test_16"": 0.46489480800825833, ""test_17"": 0.27759176587301587, ""test_19"": 0.41574074074074074, ""test_20"": 0.38333515224271525, ""test_21"": 0.15668580803937654}",104.10821772569375,64.00277372861271,0.0,analysis/track_b/scores/ped2_to_avenue/gaussian_seed13_b1_source_mean_std.npz,gaussian,13,,2.050442524540706,3.4216137911146354,186.0763244571481,213.46791677890496,218.99277325941074,3.5077264835321387,1.0,1.0,0.010775862068965518,0.01697198275862069,B-ZS,False,False,0.3566570922470215
0.99,0.20003216727428388,,,,,,,0.01,ped2_to_avenue,total represented test-video duration,499.216913744142,,,0.3566570922470215,0.3289734708950813,B2_source_median_mad,0.3566570922470215,"{""avenue_camera_01"": 0.3566570922470215}","{""avenue_camera_01"": 1.0}",,"{""test_01"": 0.39571328046252446, ""test_02"": 0.12803180516333193, ""test_03"": 0.35431446955947865, ""test_04"": 0.21928432927904107, ""test_05"": 0.32894724831357086, ""test_06"": 0.45077872946725406, ""test_07"": 0.332726107344061, ""test_09"": 0.3315824005873761, ""test_10"": 0.5157278790195828, ""test_11"": 0.28730521680216803, ""test_12"": 0.12622328253566387, ""test_13"": 0.2917862165963432, ""test_14"": 0.052992946757380935, ""test_15"": 0.7368337602146603, ""test_16"": 0.46489480800825833, ""test_17"": 0.27759176587301587, ""test_19"": 0.41574074074074074, ""test_20"": 0.38333515224271525, ""test_21"": 0.15668580803937654}",93.03363971840815,59.765198612723665,0.0,analysis/track_b/scores/ped2_to_avenue/gaussian_seed13_b2_source_median_mad.npz,gaussian,13,,3.3650754698309537,5.373669789685915,272.9399638641288,313.065218885506,321.15844225977173,5.499814108104572,1.0,1.0,0.010775862068965518,0.01697198275862069,B-ZS,False,False,0.3566570922470215
0.99,0.20003216727428388,,,,,,,0.01,ped2_to_avenue,total represented test-video duration,499.216913744142,,,0.3566570922470215,0.3289734708950813,B3_video_balanced_q99,0.3566570922470215,"{""avenue_camera_01"": 0.3566570922470215}","{""avenue_camera_01"": 1.0}","{""train013"": 611.799404070216, ""train014"": 806.0350734893684, ""train015"": 953.9447460700579, ""train016"": 577.5280671711729}","{""test_01"": 0.39571328046252446, ""test_02"": 0.12803180516333193, ""test_03"": 0.35431446955947865, ""test_04"": 0.21928432927904107, ""test_05"": 0.32894724831357086, ""test_06"": 0.45077872946725406, ""test_07"": 0.332726107344061, ""test_09"": 0.3315824005873761, ""test_10"": 0.5157278790195828, ""test_11"": 0.28730521680216803, ""test_12"": 0.12622328253566387, ""test_13"": 0.2917862165963432, ""test_14"": 0.052992946757380935, ""test_15"": 0.7368337602146603, ""test_16"": 0.46489480800825833, ""test_17"": 0.27759176587301587, ""test_19"": 0.41574074074074074, ""test_20"": 0.38333515224271525, ""test_21"": 0.15668580803937654}",39.51491482739186,32.42249971771891,0.0,analysis/track_b/scores/ped2_to_avenue/gaussian_seed13_b3_video_balanced_q99.npz,gaussian,13,,604.9974733655807,756.1214338139322,20887.452904440564,23906.4236308282,24515.346974393433,708.9172387797922,1.0,1.0,0.010775862068965518,0.01697198275862069,B-ZS,False,False,0.3566570922470215
0.99,0.18792548881872728,,,,8,"{""train013"": 0.005555555555555556, ""train014"": 0.02666666666666667, ""train015"": 0.006666666666666667, ""train016"": 0.0}",0.008611111111111113,0.01,ped2_to_avenue,total represented test-video duration,499.216913744142,,,0.3582262366814354,0.3400449365039932,B4_conditional_location,0.3582262366814354,"{""avenue_camera_01"": 0.3582262366814354}","{""avenue_camera_01"": 1.0}",,"{""test_01"": 0.4298891234476332, ""test_02"": 0.20263774559875022, ""test_03"": 0.37565308254963425, ""test_04"": 0.1885497721034474, ""test_05"": 0.3990880959553085, ""test_06"": 0.3688142458634262, ""test_07"": 0.3636440306311777, ""test_09"": 0.3729486748888906, ""test_10"": 0.3531604434815853, ""test_11"": 0.3916624322493225, ""test_12"": 0.2549004333219728, ""test_13"": 0.2649507735583685, ""test_14"": 0.08978840272142813, ""test_15"": 0.47148432735699475, ""test_16"": 0.1877462597595196, ""test_17"": 0.7274925595238095, ""test_19"": 0.4921957671957672, ""test_20"": 0.30639528538688204, ""test_21"": 0.21985233798195242}",12.71487467996569,8.382416533397448,0.0,analysis/track_b/scores/ped2_to_avenue/gaussian_seed13_b4_conditional_location.npz,gaussian,13,0.001,1.735216644981275,2.6582309200801544,20.95085837313608,22.06306218352743,22.2823988140682,2.6699141501762607,1.0,1.0,0.00026939655172413793,0.006734913793103448,B-ZS,False,False,0.3582262366814354
0.010151567344126764,0.20003216727428388,1,1364,"[""train_01""]",,,,0.01,ped2_to_avenue,total represented test-video duration,475.7243530973588,,,0.3566570922470215,0.3289734708950813,CAL_quantile_q99,0.3566570922470215,"{""avenue_camera_01"": 0.3566570922470215}","{""avenue_camera_01"": 0.026131465517241378}",,"{""test_01"": 0.39571328046252446, ""test_02"": 0.12803180516333193, ""test_03"": 0.35431446955947865, ""test_04"": 0.21928432927904107, ""test_05"": 0.32894724831357086, ""test_06"": 0.45077872946725406, ""test_07"": 0.332726107344061, ""test_09"": 0.3315824005873761, ""test_10"": 0.5157278790195828, ""test_11"": 0.28730521680216803, ""test_12"": 0.12622328253566387, ""test_13"": 0.2917862165963432, ""test_14"": 0.052992946757380935, ""test_15"": 0.7368337602146603, ""test_16"": 0.46489480800825833, ""test_17"": 0.27759176587301587, ""test_19"": 0.41574074074074074, ""test_20"": 0.38333515224271525, ""test_21"": 0.15668580803937654}",39.51491482739186,32.42249971771891,0.0,analysis/track_b/scores/ped2_to_avenue/gaussian_seed13_cal_quantile_q99_budget1.npz,gaussian,13,,604.9974733655807,756.1214338139322,20887.452904440564,23906.4236308282,24515.346974393433,24269.72847235079,0.020151567344126764,0.026131465517241378,0.010775862068965518,0.01697198275862069,B-CAL,False,True,0.3566570922470215
0.01,0.20003216727428388,1,1364,"[""train_01""]",,,,0.01,ped2_to_avenue,total represented test-video duration,0.0,,,0.3566570922470215,0.3289734708950813,CAL_mean_std,0.3566570922470215,"{""avenue_camera_01"": 0.3566570922470215}","{""avenue_camera_01"": 0.0}",,"{""test_01"": 0.39571328046252446, ""test_02"": 0.12803180516333193, ""test_03"": 0.35431446955947865, ""test_04"": 0.21928432927904107, ""test_05"": 0.32894724831357086, ""test_06"": 0.45077872946725406, ""test_07"": 0.332726107344061, ""test_09"": 0.3315824005873761, ""test_10"": 0.5157278790195828, ""test_11"": 0.28730521680216803, ""test_12"": 0.12622328253566387, ""test_13"": 0.2917862165963432, ""test_14"": 0.052992946757380935, ""test_15"": 0.7368337602146603, ""test_16"": 0.46489480800825833, ""test_17"": 0.27759176587301587, ""test_19"": 0.41574074074074074, ""test_20"": 0.38333515224271525, ""test_21"": 0.15668580803937654}",0.8192609178997602,0.7166994893853436,0.0,analysis/track_b/scores/ped2_to_avenue/gaussian_seed13_cal_mean_std_budget1.npz,gaussian,13,,604.9974733655807,756.1214338139322,266.293859062789,495.6507853565214,541.911845527759,765.6123642616803,0.0,0.0,0.010775862068965518,0.01697198275862069,B-CAL,False,True,0.3566570922470215
0.01,0.20003216727428388,1,1364,"[""train_01""]",,,,0.01,ped2_to_avenue,total represented test-video duration,0.0,,,0.3566570922470215,0.3289734708950813,CAL_median_mad,0.3566570922470215,"{""avenue_camera_01"": 0.3566570922470215}","{""avenue_camera_01"": 0.0}",,"{""test_01"": 0.39571328046252446, ""test_02"": 0.12803180516333193, ""test_03"": 0.35431446955947865, ""test_04"": 0.21928432927904107, ""test_05"": 0.32894724831357086, ""test_06"": 0.45077872946725406, ""test_07"": 0.332726107344061, ""test_09"": 0.3315824005873761, ""test_10"": 0.5157278790195828, ""test_11"": 0.28730521680216803, ""test_12"": 0.12622328253566387, ""test_13"": 0.2917862165963432, ""test_14"": 0.052992946757380935, ""test_15"": 0.7368337602146603, ""test_16"": 0.46489480800825833, ""test_17"": 0.27759176587301587, ""test_19"": 0.41574074074074074, ""test_20"": 0.38333515224271525, ""test_21"": 0.15668580803937654}",0.6822931395850516,0.584688534951643,0.0,analysis/track_b/scores/ped2_to_avenue/gaussian_seed13_cal_median_mad_budget1.npz,gaussian,13,,604.9974733655807,756.1214338139322,267.4705301496728,412.7856255436257,442.09553338220366,765.6123642616803,0.0,0.0,0.010775862068965518,0.01697198275862069,B-CAL,False,True,0.3566570922470215
0.010065449534963829,0.1930165395788277,1,1364,"[""train_01""]",,,,0.01,ped2_to_avenue,total represented test-video duration,475.7243530973588,,,0.3565962042647618,0.32883781700857045,CAL_empirical_cdf,0.3565962042647618,"{""avenue_camera_01"": 0.3565962042647618}","{""avenue_camera_01"": 0.026131465517241378}",,"{""test_01"": 0.3951926551415911, ""test_02"": 0.12792665585130886, ""test_03"": 0.35414948028378157, ""test_04"": 0.21933469315806703, ""test_05"": 0.3288217359951073, ""test_06"": 0.4493866788948756, ""test_07"": 0.33311405728165167, ""test_09"": 0.3341404547478266, ""test_10"": 0.5129614289962193, ""test_11"": 0.2874322493224932, ""test_12"": 0.1264910657773017, ""test_13"": 0.29135021097046415, ""test_14"": 0.05285250608576244, ""test_15"": 0.7368764483473594, ""test_16"": 0.4647276058099129, ""test_17"": 0.2779327876984127, ""test_19"": 0.4140873015873016, ""test_20"": 0.38404452690166974, ""test_21"": 0.15709598031173092}",0.797724919077306,1.3549610020626206,0.0,analysis/track_b/scores/ped2_to_avenue/gaussian_seed13_cal_empirical_cdf_budget1.npz,gaussian,13,,604.9974733655807,756.1214338139322,293.14715057635004,482.6215604825325,1024.515055641551,765.6123642616803,0.02006544953496383,0.026131465517241378,0.0,0.0,B-CAL,False,True,0.3565962042647618
0.005263520496038581,0.20003216727428388,2,2875,"[""train_01"", ""train_02""]",,,,0.01,ped2_to_avenue,total represented test-video duration,187.9404851742652,,,0.3566570922470215,0.3289734708950813,CAL_quantile_q99,0.3566570922470215,"{""avenue_camera_01"": 0.3566570922470215}","{""avenue_camera_01"": 0.013469827586206896}",,"{""test_01"": 0.39571328046252446, ""test_02"": 0.12803180516333193, ""test_03"": 0.35431446955947865, ""test_04"": 0.21928432927904107, ""test_05"": 0.32894724831357086, ""test_06"": 0.45077872946725406, ""test_07"": 0.332726107344061, ""test_09"": 0.3315824005873761, ""test_10"": 0.5157278790195828, ""test_11"": 0.28730521680216803, ""test_12"": 0.12622328253566387, ""test_13"": 0.2917862165963432, ""test_14"": 0.052992946757380935, ""test_15"": 0.7368337602146603, ""test_16"": 0.46489480800825833, ""test_17"": 0.27759176587301587, ""test_19"": 0.41574074074074074, ""test_20"": 0.38333515224271525, ""test_21"": 0.15668580803937654}",39.51491482739186,32.42249971771891,0.0,analysis/track_b/scores/ped2_to_avenue/gaussian_seed13_cal_quantile_q99_budget2.npz,gaussian,13,,604.9974733655807,756.1214338139322,20887.452904440564,23906.4236308282,24515.346974393433,24710.817636772437,0.0047364795039614195,0.013469827586206896,0.010775862068965518,0.01697198275862069,B-CAL,False,True,0.3566570922470215
0.01,0.20003216727428388,2,2875,"[""train_01"", ""train_02""]",,,,0.01,ped2_to_avenue,total represented test-video duration,0.0,,,0.3566570922470215,0.3289734708950813,CAL_mean_std,0.3566570922470215,"{""avenue_camera_01"": 0.3566570922470215}","{""avenue_camera_01"": 0.0}",,"{""test_01"": 0.39571328046252446, ""test_02"": 0.12803180516333193, ""test_03"": 0.35431446955947865, ""test_04"": 0.21928432927904107, ""test_05"": 0.32894724831357086, ""test_06"": 0.45077872946725406, ""test_07"": 0.332726107344061, ""test_09"": 0.3315824005873761, ""test_10"": 0.5157278790195828, ""test_11"": 0.28730521680216803, ""test_12"": 0.12622328253566387, ""test_13"": 0.2917862165963432, ""test_14"": 0.052992946757380935, ""test_15"": 0.7368337602146603, ""test_16"": 0.46489480800825833, ""test_17"": 0.27759176587301587, ""test_19"": 0.41574074074074074, ""test_20"": 0.38333515224271525, ""test_21"": 0.15668580803937654}",0.788542278501809,0.6887569470729904,0.0,analysis/track_b/scores/ped2_to_avenue/gaussian_seed13_cal_mean_std_budget2.npz,gaussian,13,,604.9974733655807,756.1214338139322,260.3183253526107,477.06608613553254,520.7838903701361,765.6123642616803,0.0,0.0,0.010775862068965518,0.01697198275862069,B-CAL,False,True,0.3566570922470215
0.01,0.20003216727428388,2,2875,"[""train_01"", ""train_02""]",,,,0.01,ped2_to_avenue,total represented test-video duration,0.0,,,0.3566570922470215,0.3289734708950813,CAL_median_mad,0.3566570922470215,"{""avenue_camera_01"": 0.3566570922470215}","{""avenue_camera_01"": 0.0}",,"{""test_01"": 0.39571328046252446, ""test_02"": 0.12803180516333193, ""test_03"": 0.35431446955947865, ""test_04"": 0.21928432927904107, ""test_05"": 0.32894724831357086, ""test_06"": 0.45077872946725406, ""test_07"": 0.332726107344061, ""test_09"": 0.3315824005873761, ""test_10"": 0.5157278790195828, ""test_11"": 0.28730521680216803, ""test_12"": 0.12622328253566387, ""test_13"": 0.2917862165963432, ""test_14"": 0.052992946757380935, ""test_15"": 0.7368337602146603, ""test_16"": 0.46489480800825833, ""test_17"": 0.27759176587301587, ""test_19"": 0.41574074074074074, ""test_20"": 0.38333515224271525, ""test_21"": 0.15668580803937654}",0.6649882073642513,0.5705313683670604,0.0,analysis/track_b/scores/ped2_to_avenue/gaussian_seed13_cal_median_mad_budget2.npz,gaussian,13,,604.9974733655807,756.1214338139322,258.1666724506928,402.3161852732789,431.39099628552646,765.6123642616803,0.0,0.0,0.010775862068965518,0.01697198275862069,B-CAL,False,True,0.3566570922470215
0.005435756114364451,0.1997688842501661,2,2875,"[""train_01"", ""train_02""]",,,,0.01,ped2_to_avenue,total represented test-video duration,176.19420485087363,,,0.35667932929445756,0.32916315478887226,CAL_empirical_cdf,0.35667932929445756,"{""avenue_camera_01"": 0.35667932929445756}","{""avenue_camera_01"": 0.013469827586206896}",,"{""test_01"": 0.3957002053973869, ""test_02"": 0.12787157764024915, ""test_03"": 0.3542938459000165, ""test_04"": 0.2193158067034323, ""test_05"": 0.3289038895126471, ""test_06"": 0.4507678114235491, ""test_07"": 0.3327429747326519, ""test_09"": 0.3329297726260867, ""test_10"": 0.5152446794953486, ""test_11"": 0.2871993563685637, ""test_12"": 0.12637421490822337, ""test_13"": 0.29149085794655416, ""test_14"": 0.053039760314587105, ""test_15"": 0.7368764483473594, ""test_16"": 0.46484392038267497, ""test_17"": 0.27780877976190477, ""test_19"": 0.41550925925925924, ""test_20"": 0.38609079995634615, ""test_21"": 0.15709598031173092}",0.7131334762964362,0.8469094713478625,0.0,analysis/track_b/scores/ped2_to_avenue/gaussian_seed13_cal_empirical_cdf_budget2.npz,gaussian,13,,604.9974733655807,756.1214338139322,292.21530285877105,431.44395133175715,640.3664037861452,765.6123642616803,0.004564243885635549,0.013469827586206896,0.010775862068965518,0.01697198275862069,B-CAL,False,True,0.35667932929445756
0.01,0.20003216727428388,4,5873,"[""train_01"", ""train_02"", ""train_03"", ""train_04""]",,,,0.01,ped2_to_avenue,total represented test-video duration,0.0,,,0.3566570922470215,0.3289734708950813,CAL_quantile_q99,0.3566570922470215,"{""avenue_camera_01"": 0.3566570922470215}","{""avenue_camera_01"": 0.003771551724137931}",,"{""test_01"": 0.39571328046252446, ""test_02"": 0.12803180516333193, ""test_03"": 0.35431446955947865, ""test_04"": 0.21928432927904107, ""test_05"": 0.32894724831357086, ""test_06"": 0.45077872946725406, ""test_07"": 0.332726107344061, ""test_09"": 0.3315824005873761, ""test_10"": 0.5157278790195828, ""test_11"": 0.28730521680216803, ""test_12"": 0.12622328253566387, ""test_13"": 0.2917862165963432, ""test_14"": 0.052992946757380935, ""test_15"": 0.7368337602146603, ""test_16"": 0.46489480800825833, ""test_17"": 0.27759176587301587, ""test_19"": 0.41574074074074074, ""test_20"": 0.38333515224271525, ""test_21"": 0.15668580803937654}",39.51491482739186,32.42249971771891,0.0,analysis/track_b/scores/ped2_to_avenue/gaussian_seed13_cal_quantile_q99_budget4.npz,gaussian,13,,604.9974733655807,756.1214338139322,20887.452904440564,23906.4236308282,24515.346974393433,25723.49404858884,0.0,0.003771551724137931,0.010775862068965518,0.01697198275862069,B-CAL,False,True,0.3566570922470215
0.01,0.20003216727428388,4,5873,"[""train_01"", ""train_02"", ""train_03"", ""train_04""]",,,,0.01,ped2_to_avenue,total represented test-video duration,0.0,,,0.3566570922470215,0.3289734708950813,CAL_mean_std,0.3566570922470215,"{""avenue_camera_01"": 0.3566570922470215}","{""avenue_camera_01"": 0.0}",,"{""test_01"": 0.39571328046252446, ""test_02"": 0.12803180516333193, ""test_03"": 0.35431446955947865, ""test_04"": 0.21928432927904107, ""test_05"": 0.32894724831357086, ""test_06"": 0.45077872946725406, ""test_07"": 0.332726107344061, ""test_09"": 0.3315824005873761, ""test_10"": 0.5157278790195828, ""test_11"": 0.28730521680216803, ""test_12"": 0.12622328253566387, ""test_13"": 0.2917862165963432, ""test_14"": 0.052992946757380935, ""test_15"": 0.7368337602146603, ""test_16"": 0.46489480800825833, ""test_17"": 0.27759176587301587, ""test_19"": 0.41574074074074074, ""test_20"": 0.38333515224271525, ""test_21"": 0.15668580803937654}",0.7558496974121951,0.663563331160851,0.0,analysis/track_b/scores/ped2_to_avenue/gaussian_seed13_cal_mean_std_budget4.npz,gaussian,13,,604.9974733655807,756.1214338139322,236.9226406849691,457.28715717851674,501.73445738369173,765.6123642616803,0.0,0.0,0.010775862068965518,0.01697198275862069,B-CAL,False,True,0.3566570922470215
0.01,0.20003216727428388,4,5873,"[""train_01"", ""train_02"", ""train_03"", ""train_04""]",,,,0.01,ped2_to_avenue,total represented test-video duration,0.0,,,0.3566570922470215,0.3289734708950813,CAL_median_mad,0.3566570922470215,"{""avenue_camera_01"": 0.3566570922470215}","{""avenue_camera_01"": 0.0}",,"{""test_01"": 0.39571328046252446, ""test_02"": 0.12803180516333193, ""test_03"": 0.35431446955947865, ""test_04"": 0.21928432927904107, ""test_05"": 0.32894724831357086, ""test_06"": 0.45077872946725406, ""test_07"": 0.332726107344061, ""test_09"": 0.3315824005873761, ""test_10"": 0.5157278790195828, ""test_11"": 0.28730521680216803, ""test_12"": 0.12622328253566387, ""test_13"": 0.2917862165963432, ""test_14"": 0.052992946757380935, ""test_15"": 0.7368337602146603, ""test_16"": 0.46489480800825833, ""test_17"": 0.27759176587301587, ""test_19"": 0.41574074074074074, ""test_20"": 0.38333515224271525, ""test_21"": 0.15668580803937654}",0.6583055510850094,0.5666835828788315,0.0,analysis/track_b/scores/ped2_to_avenue/gaussian_seed13_cal_median_mad_budget4.npz,gaussian,13,,604.9974733655807,756.1214338139322,248.50344051357052,398.27319510896695,428.4816032051583,765.6123642616803,0.0,0.0,0.010775862068965518,0.01697198275862069,B-CAL,False,True,0.3566570922470215
0.01,0.2003285855962897,4,5873,"[""train_01"", ""train_02"", ""train_03"", ""train_04""]",,,,0.01,ped2_to_avenue,total represented test-video duration,0.0,,,0.35668239167344723,0.32914857758871446,CAL_empirical_cdf,0.35668239167344723,"{""avenue_camera_01"": 0.35668239167344723}","{""avenue_camera_01"": 0.003771551724137931}",,"{""test_01"": 0.3957061486088131, ""test_02"": 0.12798173406236857, ""test_03"": 0.3543488423252489, ""test_04"": 0.21933469315806703, ""test_05"": 0.3289426842292631, ""test_06"": 0.45079510653281146, ""test_07"": 0.33271767364976557, ""test_09"": 0.33288290751169675, ""test_10"": 0.5151650312221231, ""test_11"": 0.28725228658536583, ""test_12"": 0.12631578947368421, ""test_13"": 0.29160337552742616, ""test_14"": 0.053024155795518384, ""test_15"": 0.7368093669959751, ""test_16"": 0.4648584597042702, ""test_17"": 0.27780877976190477, ""test_19"": 0.4156084656084656, ""test_20"": 0.3859816653934301, ""test_21"": 0.15668580803937654}",0.6879118060769078,0.6786678839332627,0.0,analysis/track_b/scores/ped2_to_avenue/gaussian_seed13_cal_empirical_cdf_budget4.npz,gaussian,13,,604.9974733655807,756.1214338139322,276.7316158325072,416.1849045748826,513.1553334830859,765.6123642616803,0.0,0.003771551724137931,0.010775862068965518,0.01697198275862069,B-CAL,False,True,0.35668239167344723
0.99,0.19181219089062068,,,,,,,0.01,ped2_to_avenue,total represented test-video duration,499.216913744142,,,0.37802621043777546,0.34335948559660506,B0_pooled_q99,0.37802621043777546,"{""avenue_camera_01"": 0.37802621043777546}","{""avenue_camera_01"": 1.0}",,"{""test_01"": 0.3648180901846675, ""test_02"": 0.13977848544933805, ""test_03"": 0.3183743056701314, ""test_04"": 0.24863387978142076, ""test_05"": 0.3127766976111583, ""test_06"": 0.41544248101625153, ""test_07"": 0.31904665519684244, ""test_09"": 0.34866082935630766, ""test_10"": 0.6711269699672912, ""test_11"": 0.28042428861788615, ""test_12"": 0.0904377038804226, ""test_13"": 0.2679887482419128, ""test_14"": 0.04528431433743212, ""test_15"": 0.6680570801317234, ""test_16"": 0.7396152895505895, ""test_17"": 0.34542410714285715, ""test_19"": 0.36858465608465607, ""test_20"": 0.47517188693659285, ""test_21"": 0.10418375717801477}",15.306612153407167,13.395254108242185,0.0,analysis/track_b/scores/ped2_to_avenue/prototype_seed13_b0_pooled_q99.npz,prototype,13,,221.80945953513742,257.1107877578001,3062.593148558649,3395.1513690612096,3444.064335986056,258.20685676222547,1.0,1.0,0.002963362068965517,0.007543103448275862,B-ZS,False,False,0.37802621043777546
0.99,0.19181219089062068,,,,,,,0.01,ped2_to_avenue,total represented test-video duration,499.216913744142,,,0.37802621043777546,0.34335948559660506,B1_source_mean_std,0.37802621043777546,"{""avenue_camera_01"": 0.37802621043777546}","{""avenue_camera_01"": 1.0}",,"{""test_01"": 0.3648180901846675, ""test_02"": 0.13977848544933805, ""test_03"": 0.3183743056701314, ""test_04"": 0.24863387978142076, ""test_05"": 0.3127766976111583, ""test_06"": 0.41544248101625153, ""test_07"": 0.31904665519684244, ""test_09"": 0.34866082935630766, ""test_10"": 0.6711269699672912, ""test_11"": 0.28042428861788615, ""test_12"": 0.0904377038804226, ""test_13"": 0.2679887482419128, ""test_14"": 0.04528431433743212, ""test_15"": 0.6680570801317234, ""test_16"": 0.7396152895505895, ""test_17"": 0.34542410714285715, ""test_19"": 0.36858465608465607, ""test_20"": 0.47517188693659285, ""test_21"": 0.10418375717801477}",44.14642736070955,30.278525211403462,0.0,analysis/track_b/scores/ped2_to_avenue/prototype_seed13_b1_source_mean_std.npz,prototype,13,,1.9736546542651368,2.920960424434828,78.20565259615256,87.12980182964219,88.4423738527617,2.9503732693523665,1.0,1.0,0.002963362068965517,0.007543103448275862,B-ZS,False,False,0.37802621043777546
0.99,0.19181219089062068,,,,,,,0.01,ped2_to_avenue,total represented test-video duration,499.216913744142,,,0.37802621043777546,0.34335948559660506,B2_source_median_mad,0.37802621043777546,"{""avenue_camera_01"": 0.37802621043777546}","{""avenue_camera_01"": 1.0}",,"{""test_01"": 0.3648180901846675, ""test_02"": 0.13977848544933805, ""test_03"": 0.3183743056701314, ""test_04"": 0.24863387978142076, ""test_05"": 0.3127766976111583, ""test_06"": 0.41544248101625153, ""test_07"": 0.31904665519684244, ""test_09"": 0.34866082935630766, ""test_10"": 0.6711269699672912, ""test_11"": 0.28042428861788615, ""test_12"": 0.0904377038804226, ""test_13"": 0.2679887482419128, ""test_14"": 0.04528431433743212, ""test_15"": 0.6680570801317234, ""test_16"": 0.7396152895505895, ""test_17"": 0.34542410714285715, ""test_19"": 0.36858465608465607, ""test_20"": 0.47517188693659285, ""test_21"": 0.10418375717801477}",39.96682262727454,28.299971257323534,0.0,analysis/track_b/scores/ped2_to_avenue/prototype_seed13_b2_source_median_mad.npz,prototype,13,,2.6606085059537343,3.813929369883428,95.47114180363977,106.33606823807081,107.93409154516307,3.8497387661513813,1.0,1.0,0.002963362068965517,0.007543103448275862,B-ZS,False,False,0.37802621043777546
0.99,0.19181219089062068,,,,,,,0.01,ped2_to_avenue,total represented test-video duration,499.216913744142,,,0.37802621043777546,0.34335948559660506,B3_video_balanced_q99,0.37802621043777546,"{""avenue_camera_01"": 0.37802621043777546}","{""avenue_camera_01"": 1.0}","{""train013"": 207.5258169375702, ""train014"": 258.20685676222547, ""train015"": 300.4412577945941, ""train016"": 216.15911411150864}","{""test_01"": 0.3648180901846675, ""test_02"": 0.13977848544933805, ""test_03"": 0.3183743056701314, ""test_04"": 0.24863387978142076, ""test_05"": 0.3127766976111583, ""test_06"": 0.41544248101625153, ""test_07"": 0.31904665519684244, ""test_09"": 0.34866082935630766, ""test_10"": 0.6711269699672912, ""test_11"": 0.28042428861788615, ""test_12"": 0.0904377038804226, ""test_13"": 0.2679887482419128, ""test_14"": 0.04528431433743212, ""test_15"": 0.6680570801317234, ""test_16"": 0.7396152895505895, ""test_17"": 0.34542410714285715, ""test_19"": 0.36858465608465607, ""test_20"": 0.47517188693659285, ""test_21"": 0.10418375717801477}",15.306612153407167,13.395254108242185,0.0,analysis/track_b/scores/ped2_to_avenue/prototype_seed13_b3_video_balanced_q99.npz,prototype,13,,221.80945953513742,257.1107877578001,3062.593148558649,3395.1513690612096,3444.064335986056,237.18298543686706,1.0,1.0,0.002963362068965517,0.007543103448275862,B-ZS,False,False,0.37802621043777546
0.99,0.19234388541449676,,,,8,"{""train013"": 0.0, ""train014"": 0.04, ""train015"": 0.0, ""train016"": 0.0}",0.015000000000000001,0.01,ped2_to_avenue,total represented test-video duration,499.216913744142,,,0.35511859480234476,0.31878265087334884,B4_conditional_location,0.35511859480234476,"{""avenue_camera_01"": 0.35511859480234476}","{""avenue_camera_01"": 1.0}",,"{""test_01"": 0.41292719803731387, ""test_02"": 0.21420416992128824, ""test_03"": 0.32559258648187867, ""test_04"": 0.19509707637682255, ""test_05"": 0.4015116247227319, ""test_06"": 0.3422042438435881, ""test_07"": 0.3384441520763755, ""test_09"": 0.3729291477578948, ""test_10"": 0.4532517735015505, ""test_11"": 0.38173272357723576, ""test_12"": 0.18866546569940115, ""test_13"": 0.23845288326300984, ""test_14"": 0.06828537544472879, ""test_15"": 0.3916087327722893, ""test_16"": 0.2512103985228049, ""test_17"": 0.6852058531746031, ""test_19"": 0.39404761904761904, ""test_20"": 0.2825493833897195, ""test_21"": 0.11894995898277276}",8.276509315255312,6.482251231003172,0.0,analysis/track_b/scores/ped2_to_avenue/prototype_seed13_b4_conditional_location.npz,prototype,13,0.001,1.6647841786196567,2.141147460878974,13.127686775273443,13.778601762235251,13.879455764042044,2.14240472607976,1.0,1.0,0.004040948275862069,0.017510775862068964,B-ZS,False,False,0.35511859480234476
0.013854633138132967,0.19181219089062068,1,1364,"[""train_01""]",,,,0.01,ped2_to_avenue,total represented test-video duration,393.5003908336178,,,0.37802621043777546,0.34335948559660506,CAL_quantile_q99,0.37802621043777546,"{""avenue_camera_01"": 0.37802621043777546}","{""avenue_camera_01"": 0.009967672413793104}",,"{""test_01"": 0.3648180901846675, ""test_02"": 0.13977848544933805, ""test_03"": 0.3183743056701314, ""test_04"": 0.24863387978142076, ""test_05"": 0.3127766976111583, ""test_06"": 0.41544248101625153, ""test_07"": 0.31904665519684244, ""test_09"": 0.34866082935630766, ""test_10"": 0.6711269699672912, ""test_11"": 0.28042428861788615, ""test_12"": 0.0904377038804226, ""test_13"": 0.2679887482419128, ""test_14"": 0.04528431433743212, ""test_15"": 0.6680570801317234, ""test_16"": 0.7396152895505895, ""test_17"": 0.34542410714285715, ""test_19"": 0.36858465608465607, ""test_20"": 0.47517188693659285, ""test_21"": 0.10418375717801477}",15.306612153407167,13.395254108242185,0.0,analysis/track_b/scores/ped2_to_avenue/prototype_seed13_cal_quantile_q99_budget1.npz,prototype,13,,221.80945953513742,257.1107877578001,3062.593148558649,3395.1513690612096,3444.064335986056,3427.283781814578,0.023854633138132967,0.009967672413793104,0.002963362068965517,0.007543103448275862,B-CAL,False,True,0.37802621043777546
0.01,0.19181219089062068,1,1364,"[""train_01""]",,,,0.01,ped2_to_avenue,total represented test-video duration,0.0,,,0.37802621043777546,0.34335948559660506,CAL_mean_std,0.37802621043777546,"{""avenue_camera_01"": 0.37802621043777546}","{""avenue_camera_01"": 0.0}",,"{""test_01"": 0.3648180901846675, ""test_02"": 0.13977848544933805, ""test_03"": 0.3183743056701314, ""test_04"": 0.24863387978142076, ""test_05"": 0.3127766976111583, ""test_06"": 0.41544248101625153, ""test_07"": 0.31904665519684244, ""test_09"": 0.34866082935630766, ""test_10"": 0.6711269699672912, ""test_11"": 0.28042428861788615, ""test_12"": 0.0904377038804226, ""test_13"": 0.2679887482419128, ""test_14"": 0.04528431433743212, ""test_15"": 0.6680570801317234, ""test_16"": 0.7396152895505895, ""test_17"": 0.34542410714285715, ""test_19"": 0.36858465608465607, ""test_20"": 0.47517188693659285, ""test_21"": 0.10418375717801477}",0.8814640474537959,0.8006326753323497,0.0,analysis/track_b/scores/ped2_to_avenue/prototype_seed13_cal_mean_std_budget1.npz,prototype,13,,221.80945953513742,257.1107877578001,125.25482779166623,195.5170639653812,205.85129785933543,258.20685676222547,0.0,0.0,0.002963362068965517,0.007543103448275862,B-CAL,False,True,0.37802621043777546
0.01,0.19181219089062068,1,1364,"[""train_01""]",,,,0.01,ped2_to_avenue,total represented test-video duration,0.0,,,0.37802621043777546,0.34335948559660506,CAL_median_mad,0.37802621043777546,"{""avenue_camera_01"": 0.37802621043777546}","{""avenue_camera_01"": 0.0}",,"{""test_01"": 0.3648180901846675, ""test_02"": 0.13977848544933805, ""test_03"": 0.3183743056701314, ""test_04"": 0.24863387978142076, ""test_05"": 0.3127766976111583, ""test_06"": 0.41544248101625153, ""test_07"": 0.31904665519684244, ""test_09"": 0.34866082935630766, ""test_10"": 0.6711269699672912, ""test_11"": 0.28042428861788615, ""test_12"": 0.0904377038804226, ""test_13"": 0.2679887482419128, ""test_14"": 0.04528431433743212, ""test_15"": 0.6680570801317234, ""test_16"": 0.7396152895505895, ""test_17"": 0.34542410714285715, ""test_19"": 0.36858465608465607, ""test_20"": 0.47517188693659285, ""test_21"": 0.10418375717801477}",0.7760380220087201,0.697710445844305,0.0,analysis/track_b/scores/ped2_to_avenue/prototype_seed13_cal_median_mad_budget1.npz,prototype,13,,221.80945953513742,257.1107877578001,122.79708987597029,172.13257424047129,179.38888235787516,258.20685676222547,0.0,0.0,0.002963362068965517,0.007543103448275862,B-CAL,False,True,0.37802621043777546
0.013768515328970032,0.1905295436538898,1,1364,"[""train_01""]",,,,0.01,ped2_to_avenue,total represented test-video duration,393.5003908336178,,,0.37802974841350206,0.3433738974392668,CAL_empirical_cdf,0.37802974841350206,"{""avenue_camera_01"": 0.37802974841350206}","{""avenue_camera_01"": 0.009967672413793104}",,"{""test_01"": 0.36477529906239897, ""test_02"": 0.13974844278876003, ""test_03"": 0.31814057086289393, ""test_04"": 0.24847019717458638, ""test_05"": 0.31276072331608107, ""test_06"": 0.41534421862290716, ""test_07"": 0.31743581958641165, ""test_09"": 0.34893225647714937, ""test_10"": 0.6711269699672912, ""test_11"": 0.2805089769647697, ""test_12"": 0.09040362237694143, ""test_13"": 0.26836849507735583, ""test_14"": 0.04592409961924974, ""test_15"": 0.668130259787779, ""test_16"": 0.7397970310705303, ""test_17"": 0.34502108134920634, ""test_19"": 0.36901455026455027, ""test_20"": 0.4760176797991924, ""test_21"": 0.10418375717801477}",0.8966718630729756,1.1738623285344612,0.0,analysis/track_b/scores/ped2_to_avenue/prototype_seed13_cal_empirical_cdf_budget1.npz,prototype,13,,221.80945953513742,257.1107877578001,124.67743589843545,198.89030132858147,301.8126680087008,258.20685676222547,0.023768515328970032,0.009967672413793104,0.0,0.007273706896551724,B-CAL,False,True,0.37802974841350206
0.009397175335859455,0.19181219089062068,2,2875,"[""train_01"", ""train_02""]",,,,0.01,ped2_to_avenue,total represented test-video duration,17.619420485087364,,,0.37802621043777546,0.34335948559660506,CAL_quantile_q99,0.37802621043777546,"{""avenue_camera_01"": 0.37802621043777546}","{""avenue_camera_01"": 0.0024245689655172415}",,"{""test_01"": 0.3648180901846675, ""test_02"": 0.13977848544933805, ""test_03"": 0.3183743056701314, ""test_04"": 0.24863387978142076, ""test_05"": 0.3127766976111583, ""test_06"": 0.41544248101625153, ""test_07"": 0.31904665519684244, ""test_09"": 0.34866082935630766, ""test_10"": 0.6711269699672912, ""test_11"": 0.28042428861788615, ""test_12"": 0.0904377038804226, ""test_13"": 0.2679887482419128, ""test_14"": 0.04528431433743212, ""test_15"": 0.6680570801317234, ""test_16"": 0.7396152895505895, ""test_17"": 0.34542410714285715, ""test_19"": 0.36858465608465607, ""test_20"": 0.47517188693659285, ""test_21"": 0.10418375717801477}",15.306612153407167,13.395254108242185,0.0,analysis/track_b/scores/ped2_to_avenue/prototype_seed13_cal_quantile_q99_budget2.npz,prototype,13,,221.80945953513742,257.1107877578001,3062.593148558649,3395.1513690612096,3444.064335986056,3484.358765680469,0.0006028246641405443,0.0024245689655172415,0.002963362068965517,0.007543103448275862,B-CAL,False,True,0.37802621043777546
0.01,0.19181219089062068,2,2875,"[""train_01"", ""train_02""]",,,,0.01,ped2_to_avenue,total represented test-video duration,0.0,,,0.37802621043777546,0.34335948559660506,CAL_mean_std,0.37802621043777546,"{""avenue_camera_01"": 0.37802621043777546}","{""avenue_camera_01"": 0.0}",,"{""test_01"": 0.3648180901846675, ""test_02"": 0.13977848544933805, ""test_03"": 0.3183743056701314, ""test_04"": 0.24863387978142076, ""test_05"": 0.3127766976111583, ""test_06"": 0.41544248101625153, ""test_07"": 0.31904665519684244, ""test_09"": 0.34866082935630766, ""test_10"": 0.6711269699672912, ""test_11"": 0.28042428861788615, ""test_12"": 0.0904377038804226, ""test_13"": 0.2679887482419128, ""test_14"": 0.04528431433743212, ""test_15"": 0.6680570801317234, ""test_16"": 0.7396152895505895, ""test_17"": 0.34542410714285715, ""test_19"": 0.36858465608465607, ""test_20"": 0.47517188693659285, ""test_21"": 0.10418375717801477}",0.8564594592738771,0.7793679484909838,0.0,analysis/track_b/scores/ped2_to_avenue/prototype_seed13_cal_mean_std_budget2.npz,prototype,13,,221.80945953513742,257.1107877578001,119.17238220547816,189.97080977529473,200.3839071896974,258.20685676222547,0.0,0.0,0.002963362068965517,0.007543103448275862,B-CAL,False,True,0.37802621043777546
0.01,0.19181219089062068,2,2875,"[""train_01"", ""train_02""]",,,,0.01,ped2_to_avenue,total represented test-video duration,0.0,,,0.37802621043777546,0.34335948559660506,CAL_median_mad,0.37802621043777546,"{""avenue_camera_01"": 0.37802621043777546}","{""avenue_camera_01"": 0.0}",,"{""test_01"": 0.3648180901846675, ""test_02"": 0.13977848544933805, ""test_03"": 0.3183743056701314, ""test_04"": 0.24863387978142076, ""test_05"": 0.3127766976111583, ""test_06"": 0.41544248101625153, ""test_07"": 0.31904665519684244, ""test_09"": 0.34866082935630766, ""test_10"": 0.6711269699672912, ""test_11"": 0.28042428861788615, ""test_12"": 0.0904377038804226, ""test_13"": 0.2679887482419128, ""test_14"": 0.04528431433743212, ""test_15"": 0.6680570801317234, ""test_16"": 0.7396152895505895, ""test_17"": 0.34542410714285715, ""test_19"": 0.36858465608465607, ""test_20"": 0.47517188693659285, ""test_21"": 0.10418375717801477}",0.7552872944023113,0.678743677291588,0.0,analysis/track_b/scores/ped2_to_avenue/prototype_seed13_cal_median_mad_budget2.npz,prototype,13,,221.80945953513742,257.1107877578001,120.05630378930054,167.5298665651329,174.51232155406626,258.20685676222547,0.0,0.0,0.002963362068965517,0.007543103448275862,B-CAL,False,True,0.37802621043777546
0.009397175335859455,0.19204046467523567,2,2875,"[""train_01"", ""train_02""]",,,,0.01,ped2_to_avenue,total represented test-video duration,17.619420485087364,,,0.37803118680363357,0.34343901101771723,CAL_empirical_cdf,0.37803118680363357,"{""avenue_camera_01"": 0.37803118680363357}","{""avenue_camera_01"": 0.0024245689655172415}",,"{""test_01"": 0.36482046746923796, ""test_02"": 0.13976847122914537, ""test_03"": 0.3182918110322829, ""test_04"": 0.2485961068721513, ""test_05"": 0.31280864620131266, ""test_06"": 0.4154315629725466, ""test_07"": 0.31896231825388793, ""test_09"": 0.34888148593656026, ""test_10"": 0.671095110658001, ""test_11"": 0.2805513211382114, ""test_12"": 0.0904596134183748, ""test_13"": 0.2680309423347398, ""test_14"": 0.04559640471880656, ""test_15"": 0.6680997682644225, ""test_16"": 0.7396952558193635, ""test_17"": 0.3455171130952381, ""test_19"": 0.3689153439153439, ""test_20"": 0.47563570882898615, ""test_21"": 0.10418375717801477}",0.8366809131480111,0.8628726920278167,0.0,analysis/track_b/scores/ped2_to_avenue/prototype_seed13_cal_empirical_cdf_budget2.npz,prototype,13,,221.80945953513742,257.1107877578001,121.85236479738944,185.58374114872558,221.85387758196558,258.20685676222547,0.0006028246641405443,0.0024245689655172415,0.002963362068965517,0.007543103448275862,B-CAL,False,True,0.37803118680363357
0.01,0.19181219089062068,4,5873,"[""train_01"", ""train_02"", ""train_03"", ""train_04""]",,,,0.01,ped2_to_avenue,total represented test-video duration,0.0,,,0.37802621043777546,0.34335948559660506,CAL_quantile_q99,0.37802621043777546,"{""avenue_camera_01"": 0.37802621043777546}","{""avenue_camera_01"": 0.0}",,"{""test_01"": 0.3648180901846675, ""test_02"": 0.13977848544933805, ""test_03"": 0.3183743056701314, ""test_04"": 0.24863387978142076, ""test_05"": 0.3127766976111583, ""test_06"": 0.41544248101625153, ""test_07"": 0.31904665519684244, ""test_09"": 0.34866082935630766, ""test_10"": 0.6711269699672912, ""test_11"": 0.28042428861788615, ""test_12"": 0.0904377038804226, ""test_13"": 0.2679887482419128, ""test_14"": 0.04528431433743212, ""test_15"": 0.6680570801317234, ""test_16"": 0.7396152895505895, ""test_17"": 0.34542410714285715, ""test_19"": 0.36858465608465607, ""test_20"": 0.47517188693659285, ""test_21"": 0.10418375717801477}",15.306612153407167,13.395254108242185,0.0,analysis/track_b/scores/ped2_to_avenue/prototype_seed13_cal_quantile_q99_budget4.npz,prototype,13,,221.80945953513742,257.1107877578001,3062.593148558649,3395.1513690612096,3444.064335986056,3568.394239096393,0.0,0.0,0.002963362068965517,0.007543103448275862,B-CAL,False,True,0.37802621043777546
0.01,0.19181219089062068,4,5873,"[""train_01"", ""train_02"", ""train_03"", ""train_04""]",,,,0.01,ped2_to_avenue,total represented test-video duration,0.0,,,0.37802621043777546,0.34335948559660506,CAL_mean_std,0.37802621043777546,"{""avenue_camera_01"": 0.37802621043777546}","{""avenue_camera_01"": 0.0}",,"{""test_01"": 0.3648180901846675, ""test_02"": 0.13977848544933805, ""test_03"": 0.3183743056701314, ""test_04"": 0.24863387978142076, ""test_05"": 0.3127766976111583, ""test_06"": 0.41544248101625153, ""test_07"": 0.31904665519684244, ""test_09"": 0.34866082935630766, ""test_10"": 0.6711269699672912, ""test_11"": 0.28042428861788615, ""test_12"": 0.0904377038804226, ""test_13"": 0.2679887482419128, ""test_14"": 0.04528431433743212, ""test_15"": 0.6680570801317234, ""test_16"": 0.7396152895505895, ""test_17"": 0.34542410714285715, ""test_19"": 0.36858465608465607, ""test_20"": 0.47517188693659285, ""test_21"": 0.10418375717801477}",0.8347796978676183,0.7606714643818908,0.0,analysis/track_b/scores/ped2_to_avenue/prototype_seed13_cal_mean_std_budget4.npz,prototype,13,,221.80945953513742,257.1107877578001,114.351990650965,185.1620336149217,195.57683943210733,258.20685676222547,0.0,0.0,0.002963362068965517,0.007543103448275862,B-CAL,False,True,0.37802621043777546
0.01,0.19181219089062068,4,5873,"[""train_01"", ""train_02"", ""train_03"", ""train_04""]",,,,0.01,ped2_to_avenue,total represented test-video duration,0.0,,,0.37802621043777546,0.34335948559660506,CAL_median_mad,0.37802621043777546,"{""avenue_camera_01"": 0.37802621043777546}","{""avenue_camera_01"": 0.0}",,"{""test_01"": 0.3648180901846675, ""test_02"": 0.13977848544933805, ""test_03"": 0.3183743056701314, ""test_04"": 0.24863387978142076, ""test_05"": 0.3127766976111583, ""test_06"": 0.41544248101625153, ""test_07"": 0.31904665519684244, ""test_09"": 0.34866082935630766, ""test_10"": 0.6711269699672912, ""test_11"": 0.28042428861788615, ""test_12"": 0.0904377038804226, ""test_13"": 0.2679887482419128, ""test_14"": 0.04528431433743212, ""test_15"": 0.6680570801317234, ""test_16"": 0.7396152895505895, ""test_17"": 0.34542410714285715, ""test_19"": 0.36858465608465607, ""test_20"": 0.47517188693659285, ""test_21"": 0.10418375717801477}",0.7587433827156396,0.6849601555213062,0.0,analysis/track_b/scores/ped2_to_avenue/prototype_seed13_cal_median_mad_budget4.npz,prototype,13,,221.80945953513742,257.1107877578001,115.16797868263293,168.29645964601795,176.1106451687883,258.20685676222547,0.0,0.0,0.002963362068965517,0.007543103448275862,B-CAL,False,True,0.37802621043777546
0.01,0.19203769729181447,4,5873,"[""train_01"", ""train_02"", ""train_03"", ""train_04""]",,,,0.01,ped2_to_avenue,total represented test-video duration,0.0,,,0.37803617476941215,0.3434540266117686,CAL_empirical_cdf,0.37803617476941215,"{""avenue_camera_01"": 0.37803617476941215}","{""avenue_camera_01"": 0.0}",,"{""test_01"": 0.36483710846123124, ""test_02"": 0.13978849966953075, ""test_03"": 0.3183674311169774, ""test_04"": 0.24861499332678602, ""test_05"": 0.3127721335268505, ""test_06"": 0.41543565723893594, ""test_07"": 0.31903822150254696, ""test_09"": 0.3490591828286221, ""test_10"": 0.6710526315789473, ""test_11"": 0.2805619071815718, ""test_12"": 0.0904425726666342, ""test_13"": 0.2679184247538678, ""test_14"": 0.04564321827601273, ""test_15"": 0.6681546530064641, ""test_16"": 0.7396370985329824, ""test_17"": 0.3454861111111111, ""test_19"": 0.3689153439153439, ""test_20"": 0.4757175597511732, ""test_21"": 0.10418375717801477}",0.8071134035593327,0.7755777714152203,0.0,analysis/track_b/scores/ped2_to_avenue/prototype_seed13_cal_empirical_cdf_budget4.npz,prototype,13,,221.80945953513742,257.1107877578001,117.33694024964095,179.02538782706085,199.40941177600632,258.20685676222547,0.0,0.0,0.002963362068965517,0.007543103448275862,B-CAL,False,True,0.37803617476941215
0.99,0.18979733743052868,,,,,,,0.01,ped2_to_avenue,total represented test-video duration,499.216913744142,,,0.372374706011617,0.3418145129190811,B0_pooled_q99,0.372374706011617,"{""avenue_camera_01"": 0.372374706011617}","{""avenue_camera_01"": 1.0}",,"{""test_01"": 0.34994579791179325, ""test_02"": 0.12812193314506598, ""test_03"": 0.32875488093273936, ""test_04"": 0.25878220140515223, ""test_05"": 0.29070022181449734, ""test_06"": 0.415330571068276, ""test_07"": 0.32596228451911075, ""test_09"": 0.37424137096081295, ""test_10"": 0.6746208742194469, ""test_11"": 0.28076304200542007, ""test_12"": 0.08727299284288427, ""test_13"": 0.2630379746835443, ""test_14"": 0.0520566756132576, ""test_15"": 0.6849127942432004, ""test_16"": 0.7459398944445252, ""test_17"": 0.28435019841269843, ""test_19"": 0.3578703703703704, ""test_20"": 0.4810651533340609, ""test_21"": 0.11074651353568499}",15.32666241394782,12.85112210887407,0.0,analysis/track_b/scores/ped2_to_avenue/prototype_seed29_b0_pooled_q99.npz,prototype,29,,221.03443070810974,267.66857904881346,3016.1208774956,3387.7201013223394,3439.8415940651134,269.79764903712476,1.0,1.0,0.002963362068965517,0.007004310344827586,B-ZS,False,False,0.372374706011617
0.99,0.18979733743052868,,,,,,,0.01,ped2_to_avenue,total represented test-video duration,499.216913744142,,,0.372374706011617,0.3418145129190811,B1_source_mean_std,0.372374706011617,"{""avenue_camera_01"": 0.372374706011617}","{""avenue_camera_01"": 1.0}",,"{""test_01"": 0.34994579791179325, ""test_02"": 0.12812193314506598, ""test_03"": 0.32875488093273936, ""test_04"": 0.25878220140515223, ""test_05"": 0.29070022181449734, ""test_06"": 0.415330571068276, ""test_07"": 0.32596228451911075, ""test_09"": 0.37424137096081295, ""test_10"": 0.6746208742194469, ""test_11"": 0.28076304200542007, ""test_12"": 0.08727299284288427, ""test_13"": 0.2630379746835443, ""test_14"": 0.0520566756132576, ""test_15"": 0.6849127942432004, ""test_16"": 0.7459398944445252, ""test_17"": 0.28435019841269843, ""test_19"": 0.3578703703703704, ""test_20"": 0.4810651533340609, ""test_21"": 0.11074651353568499}",44.861061014991876,27.694544747270115,0.0,analysis/track_b/scores/ped2_to_avenue/prototype_seed29_b1_source_mean_std.npz,prototype,29,,1.9492796747881516,3.2083569356923296,77.41393192276098,87.4467544259548,88.85398472074564,3.2658397825875207,1.0,1.0,0.002963362068965517,0.007004310344827586,B-ZS,False,False,0.372374706011617
0.99,0.18979733743052868,,,,,,,0.01,ped2_to_avenue,total represented test-video duration,499.216913744142,,,0.372374706011617,0.3418145129190811,B2_source_median_mad,0.372374706011617,"{""avenue_camera_01"": 0.372374706011617}","{""avenue_camera_01"": 1.0}",,"{""test_01"": 0.34994579791179325, ""test_02"": 0.12812193314506598, ""test_03"": 0.32875488093273936, ""test_04"": 0.25878220140515223, ""test_05"": 0.29070022181449734, ""test_06"": 0.415330571068276, ""test_07"": 0.32596228451911075, ""test_09"": 0.37424137096081295, ""test_10"": 0.6746208742194469, ""test_11"": 0.28076304200542007, ""test_12"": 0.08727299284288427, ""test_13"": 0.2630379746835443, ""test_14"": 0.0520566756132576, ""test_15"": 0.6849127942432004, ""test_16"": 0.7459398944445252, ""test_17"": 0.28435019841269843, ""test_19"": 0.3578703703703704, ""test_20"": 0.4810651533340609, ""test_21"": 0.11074651353568499}",40.37241639420514,25.965318793855786,0.0,analysis/track_b/scores/ped2_to_avenue/prototype_seed29_b2_source_median_mad.npz,prototype,29,,2.5785960514106407,4.07371062825842,92.19049288740592,104.10415350000359,105.7751951366484,4.141969697801135,1.0,1.0,0.002963362068965517,0.007004310344827586,B-ZS,False,False,0.372374706011617
0.99,0.18979733743052868,,,,,,,0.01,ped2_to_avenue,total represented test-video duration,499.216913744142,,,0.372374706011617,0.3418145129190811,B3_video_balanced_q99,0.372374706011617,"{""avenue_camera_01"": 0.372374706011617}","{""avenue_camera_01"": 1.0}","{""train013"": 211.44437853223462, ""train014"": 270.2655942491733, ""train015"": 293.59949759860683, ""train016"": 203.1309079130442}","{""test_01"": 0.34994579791179325, ""test_02"": 0.12812193314506598, ""test_03"": 0.32875488093273936, ""test_04"": 0.25878220140515223, ""test_05"": 0.29070022181449734, ""test_06"": 0.415330571068276, ""test_07"": 0.32596228451911075, ""test_09"": 0.37424137096081295, ""test_10"": 0.6746208742194469, ""test_11"": 0.28076304200542007, ""test_12"": 0.08727299284288427, ""test_13"": 0.2630379746835443, ""test_14"": 0.0520566756132576, ""test_15"": 0.6849127942432004, ""test_16"": 0.7459398944445252, ""test_17"": 0.28435019841269843, ""test_19"": 0.3578703703703704, ""test_20"": 0.4810651533340609, ""test_21"": 0.11074651353568499}",15.32666241394782,12.85112210887407,0.0,analysis/track_b/scores/ped2_to_avenue/prototype_seed29_b3_video_balanced_q99.npz,prototype,29,,221.03443070810974,267.66857904881346,3016.1208774956,3387.7201013223394,3439.8415940651134,240.85498639070397,1.0,1.0,0.002963362068965517,0.007004310344827586,B-ZS,False,False,0.372374706011617
0.99,0.19411246507536142,,,,8,"{""train013"": 0.0, ""train014"": 0.04, ""train015"": 0.0, ""train016"": 0.0}",0.015000000000000001,0.01,ped2_to_avenue,total represented test-video duration,499.216913744142,,,0.36405582308580897,0.3241679099280182,B4_conditional_location,0.36405582308580897,"{""avenue_camera_01"": 0.36405582308580897}","{""avenue_camera_01"": 1.0}",,"{""test_01"": 0.4080775375135505, ""test_02"": 0.2103887520278796, ""test_03"": 0.3373480723752956, ""test_04"": 0.1920500616957518, ""test_05"": 0.3921598159761207, ""test_06"": 0.3503218093382028, ""test_07"": 0.358280201059272, ""test_09"": 0.38633257047341574, ""test_10"": 0.40794783569092224, ""test_11"": 0.3870680894308943, ""test_12"": 0.19324212473830274, ""test_13"": 0.23983122362869197, ""test_14"": 0.07777292303851195, ""test_15"": 0.4047932674716429, ""test_16"": 0.2787333343026214, ""test_17"": 0.7015749007936508, ""test_19"": 0.3830026455026455, ""test_20"": 0.2902979373567609, ""test_21"": 0.15996718621821165}",8.208116592072622,6.5071821813759785,0.0,analysis/track_b/scores/ped2_to_avenue/prototype_seed29_b4_conditional_location.npz,prototype,29,0.001,1.668403535797252,2.1204264146071248,13.070416365679947,13.694450744450053,13.798000982050436,2.122089232106976,1.0,1.0,0.0026939655172413795,0.015086206896551725,B-ZS,False,False,0.36405582308580897
0.010065449534963829,0.18979733743052868,1,1364,"[""train_01""]",,,,0.01,ped2_to_avenue,total represented test-video duration,422.86609164209676,,,0.372374706011617,0.3418145129190811,CAL_quantile_q99,0.372374706011617,"{""avenue_camera_01"": 0.372374706011617}","{""avenue_camera_01"": 0.009159482758620689}",,"{""test_01"": 0.34994579791179325, ""test_02"": 0.12812193314506598, ""test_03"": 0.32875488093273936, ""test_04"": 0.25878220140515223, ""test_05"": 0.29070022181449734, ""test_06"": 0.415330571068276, ""test_07"": 0.32596228451911075, ""test_09"": 0.37424137096081295, ""test_10"": 0.6746208742194469, ""test_11"": 0.28076304200542007, ""test_12"": 0.08727299284288427, ""test_13"": 0.2630379746835443, ""test_14"": 0.0520566756132576, ""test_15"": 0.6849127942432004, ""test_16"": 0.7459398944445252, ""test_17"": 0.28435019841269843, ""test_19"": 0.3578703703703704, ""test_20"": 0.4810651533340609, ""test_21"": 0.11074651353568499}",15.32666241394782,12.85112210887407,0.0,analysis/track_b/scores/ped2_to_avenue/prototype_seed29_cal_quantile_q99_budget1.npz,prototype,29,,221.03443070810974,267.66857904881346,3016.1208774956,3387.7201013223394,3439.8415940651134,3426.1741751702093,0.02006544953496383,0.009159482758620689,0.002963362068965517,0.007004310344827586,B-CAL,False,True,0.372374706011617
0.01,0.18979733743052868,1,1364,"[""train_01""]",,,,0.01,ped2_to_avenue,total represented test-video duration,0.0,,,0.372374706011617,0.3418145129190811,CAL_mean_std,0.372374706011617,"{""avenue_camera_01"": 0.372374706011617}","{""avenue_camera_01"": 0.0}",,"{""test_01"": 0.34994579791179325, ""test_02"": 0.12812193314506598, ""test_03"": 0.32875488093273936, ""test_04"": 0.25878220140515223, ""test_05"": 0.29070022181449734, ""test_06"": 0.415330571068276, ""test_07"": 0.32596228451911075, ""test_09"": 0.37424137096081295, ""test_10"": 0.6746208742194469, ""test_11"": 0.28076304200542007, ""test_12"": 0.08727299284288427, ""test_13"": 0.2630379746835443, ""test_14"": 0.0520566756132576, ""test_15"": 0.6849127942432004, ""test_16"": 0.7459398944445252, ""test_17"": 0.28435019841269843, ""test_19"": 0.3578703703703704, ""test_20"": 0.4810651533340609, ""test_21"": 0.11074651353568499}",0.8779495562375818,0.7627384869674485,0.0,analysis/track_b/scores/ped2_to_avenue/prototype_seed29_cal_mean_std_budget1.npz,prototype,29,,221.03443070810974,267.66857904881346,122.0204656867127,194.05708035341146,204.16112699241887,269.79764903712476,0.0,0.0,0.002963362068965517,0.007004310344827586,B-CAL,False,True,0.372374706011617
0.01,0.18979733743052868,1,1364,"[""train_01""]",,,,0.01,ped2_to_avenue,total represented test-video duration,0.0,,,0.372374706011617,0.3418145129190811,CAL_median_mad,0.372374706011617,"{""avenue_camera_01"": 0.372374706011617}","{""avenue_camera_01"": 0.0}",,"{""test_01"": 0.34994579791179325, ""test_02"": 0.12812193314506598, ""test_03"": 0.32875488093273936, ""test_04"": 0.25878220140515223, ""test_05"": 0.29070022181449734, ""test_06"": 0.415330571068276, ""test_07"": 0.32596228451911075, ""test_09"": 0.37424137096081295, ""test_10"": 0.6746208742194469, ""test_11"": 0.28076304200542007, ""test_12"": 0.08727299284288427, ""test_13"": 0.2630379746835443, ""test_14"": 0.0520566756132576, ""test_15"": 0.6849127942432004, ""test_16"": 0.7459398944445252, ""test_17"": 0.28435019841269843, ""test_19"": 0.3578703703703704, ""test_20"": 0.4810651533340609, ""test_21"": 0.11074651353568499}",0.7767932285215147,0.6690132265539713,0.0,analysis/track_b/scores/ped2_to_avenue/prototype_seed29_cal_median_mad_budget1.npz,prototype,29,,221.03443070810974,267.66857904881346,119.11262769960474,171.6980490441676,179.0738197165634,269.79764903712476,0.0,0.0,0.002963362068965517,0.007004310344827586,B-CAL,False,True,0.372374706011617
0.009204271443334482,0.18863050683977114,1,1364,"[""train_01""]",,,,0.01,ped2_to_avenue,total represented test-video duration,440.4855121271841,,,0.3723589301198522,0.34166893743678584,CAL_empirical_cdf,0.3723589301198522,"{""avenue_camera_01"": 0.3723589301198522}","{""avenue_camera_01"": 0.008890086206896552}",,"{""test_01"": 0.3499434206272228, ""test_02"": 0.12821206112680006, ""test_03"": 0.3286861354011989, ""test_04"": 0.25876331495051746, ""test_05"": 0.2908280161751148, ""test_06"": 0.41525960378419396, ""test_07"": 0.3244948217117026, ""test_09"": 0.3738332539230006, ""test_10"": 0.6744721974427594, ""test_11"": 0.2807736280487805, ""test_12"": 0.08724621451872049, ""test_13"": 0.2630661040787623, ""test_14"": 0.05151051744585232, ""test_15"": 0.6848823027198438, ""test_16"": 0.7459544337661205, ""test_17"": 0.2845672123015873, ""test_19"": 0.35770502645502644, ""test_20"": 0.4807650332860417, ""test_21"": 0.11074651353568499}",0.8694386238892683,1.160610438884424,0.0,analysis/track_b/scores/ped2_to_avenue/prototype_seed29_cal_empirical_cdf_budget1.npz,prototype,29,,221.03443070810974,267.66857904881346,121.89126399671541,192.17587126700676,310.65894700541355,269.79764903712476,0.019204271443334482,0.008890086206896552,0.0,0.007004310344827586,B-CAL,False,True,0.3723589301198522
0.009569410954185325,0.18979733743052868,2,2875,"[""train_01"", ""train_02""]",,,,0.01,ped2_to_avenue,total represented test-video duration,17.619420485087364,,,0.372374706011617,0.3418145129190811,CAL_quantile_q99,0.372374706011617,"{""avenue_camera_01"": 0.372374706011617}","{""avenue_camera_01"": 0.0016163793103448276}",,"{""test_01"": 0.34994579791179325, ""test_02"": 0.12812193314506598, ""test_03"": 0.32875488093273936, ""test_04"": 0.25878220140515223, ""test_05"": 0.29070022181449734, ""test_06"": 0.415330571068276, ""test_07"": 0.32596228451911075, ""test_09"": 0.37424137096081295, ""test_10"": 0.6746208742194469, ""test_11"": 0.28076304200542007, ""test_12"": 0.08727299284288427, ""test_13"": 0.2630379746835443, ""test_14"": 0.0520566756132576, ""test_15"": 0.6849127942432004, ""test_16"": 0.7459398944445252, ""test_17"": 0.28435019841269843, ""test_19"": 0.3578703703703704, ""test_20"": 0.4810651533340609, ""test_21"": 0.11074651353568499}",15.32666241394782,12.85112210887407,0.0,analysis/track_b/scores/ped2_to_avenue/prototype_seed29_cal_quantile_q99_budget2.npz,prototype,29,,221.03443070810974,267.66857904881346,3016.1208774956,3387.7201013223394,3439.8415940651134,3483.3186601237803,0.0004305890458146745,0.0016163793103448276,0.002963362068965517,0.007004310344827586,B-CAL,False,True,0.372374706011617
0.01,0.18979733743052868,2,2875,"[""train_01"", ""train_02""]",,,,0.01,ped2_to_avenue,total represented test-video duration,0.0,,,0.372374706011617,0.3418145129190811,CAL_mean_std,0.372374706011617,"{""avenue_camera_01"": 0.372374706011617}","{""avenue_camera_01"": 0.0}",,"{""test_01"": 0.34994579791179325, ""test_02"": 0.12812193314506598, ""test_03"": 0.32875488093273936, ""test_04"": 0.25878220140515223, ""test_05"": 0.29070022181449734, ""test_06"": 0.415330571068276, ""test_07"": 0.32596228451911075, ""test_09"": 0.37424137096081295, ""test_10"": 0.6746208742194469, ""test_11"": 0.28076304200542007, ""test_12"": 0.08727299284288427, ""test_13"": 0.2630379746835443, ""test_14"": 0.0520566756132576, ""test_15"": 0.6849127942432004, ""test_16"": 0.7459398944445252, ""test_17"": 0.28435019841269843, ""test_19"": 0.3578703703703704, ""test_20"": 0.4810651533340609, ""test_21"": 0.11074651353568499}",0.8589288016112381,0.7474298846500638,0.0,analysis/track_b/scores/ped2_to_avenue/prototype_seed29_cal_mean_std_budget2.npz,prototype,29,,221.03443070810974,267.66857904881346,117.05615111605297,189.85283868293894,200.06349516290112,269.79764903712476,0.0,0.0,0.002963362068965517,0.007004310344827586,B-CAL,False,True,0.372374706011617
0.01,0.18979733743052868,2,2875,"[""train_01"", ""train_02""]",,,,0.01,ped2_to_avenue,total represented test-video duration,0.0,,,0.372374706011617,0.3418145129190811,CAL_median_mad,0.372374706011617,"{""avenue_camera_01"": 0.372374706011617}","{""avenue_camera_01"": 0.0}",,"{""test_01"": 0.34994579791179325, ""test_02"": 0.12812193314506598, ""test_03"": 0.32875488093273936, ""test_04"": 0.25878220140515223, ""test_05"": 0.29070022181449734, ""test_06"": 0.415330571068276, ""test_07"": 0.32596228451911075, ""test_09"": 0.37424137096081295, ""test_10"": 0.6746208742194469, ""test_11"": 0.28076304200542007, ""test_12"": 0.08727299284288427, ""test_13"": 0.2630379746835443, ""test_14"": 0.0520566756132576, ""test_15"": 0.6849127942432004, ""test_16"": 0.7459398944445252, ""test_17"": 0.28435019841269843, ""test_19"": 0.3578703703703704, ""test_20"": 0.4810651533340609, ""test_21"": 0.11074651353568499}",0.7592979921523776,0.6533077763761936,0.0,analysis/track_b/scores/ped2_to_avenue/prototype_seed29_cal_median_mad_budget2.npz,prototype,29,,221.03443070810974,267.66857904881346,117.64682971068791,167.83099943321156,174.86996418415572,269.79764903712476,0.0,0.0,0.002963362068965517,0.007004310344827586,B-CAL,False,True,0.372374706011617
0.009569410954185325,0.1900325110665897,2,2875,"[""train_01"", ""train_02""]",,,,0.01,ped2_to_avenue,total represented test-video duration,17.619420485087364,,,0.37237162043278654,0.3417675528816828,CAL_empirical_cdf,0.37237162043278654,"{""avenue_camera_01"": 0.37237162043278654}","{""avenue_camera_01"": 0.0016163793103448276}",,"{""test_01"": 0.34993747741579656, ""test_02"": 0.12815197580564403, ""test_03"": 0.32869300995435297, ""test_04"": 0.25874442849588275, ""test_05"": 0.29075270878403664, ""test_06"": 0.41532101778003416, ""test_07"": 0.32589481496474715, ""test_09"": 0.3740265725198591, ""test_10"": 0.6745252962915764, ""test_11"": 0.2808159722222222, ""test_12"": 0.08727299284288427, ""test_13"": 0.2630801687763713, ""test_14"": 0.05165095811747082, ""test_15"": 0.6849615806805708, ""test_16"": 0.7460344000348944, ""test_17"": 0.28444320436507936, ""test_19"": 0.35773809523809524, ""test_20"": 0.4807923169267707, ""test_21"": 0.11074651353568499}",0.8307887949892165,0.818136293994851,0.0,analysis/track_b/scores/ped2_to_avenue/prototype_seed29_cal_empirical_cdf_budget2.npz,prototype,29,,221.03443070810974,267.66857904881346,119.9387523281991,183.63292833911797,218.98937928186405,269.79764903712476,0.0004305890458146745,0.0016163793103448276,0.002963362068965517,0.007004310344827586,B-CAL,False,True,0.37237162043278654
0.01,0.18979733743052868,4,5873,"[""train_01"", ""train_02"", ""train_03"", ""train_04""]",,,,0.01,ped2_to_avenue,total represented test-video duration,0.0,,,0.372374706011617,0.3418145129190811,CAL_quantile_q99,0.372374706011617,"{""avenue_camera_01"": 0.372374706011617}","{""avenue_camera_01"": 0.0}",,"{""test_01"": 0.34994579791179325, ""test_02"": 0.12812193314506598, ""test_03"": 0.32875488093273936, ""test_04"": 0.25878220140515223, ""test_05"": 0.29070022181449734, ""test_06"": 0.415330571068276, ""test_07"": 0.32596228451911075, ""test_09"": 0.37424137096081295, ""test_10"": 0.6746208742194469, ""test_11"": 0.28076304200542007, ""test_12"": 0.08727299284288427, ""test_13"": 0.2630379746835443, ""test_14"": 0.0520566756132576, ""test_15"": 0.6849127942432004, ""test_16"": 0.7459398944445252, ""test_17"": 0.28435019841269843, ""test_19"": 0.3578703703703704, ""test_20"": 0.4810651533340609, ""test_21"": 0.11074651353568499}",15.32666241394782,12.85112210887407,0.0,analysis/track_b/scores/ped2_to_avenue/prototype_seed29_cal_quantile_q99_budget4.npz,prototype,29,,221.03443070810974,267.66857904881346,3016.1208774956,3387.7201013223394,3439.8415940651134,3565.627516951793,0.0,0.0,0.002963362068965517,0.007004310344827586,B-CAL,False,True,0.372374706011617
0.01,0.18979733743052868,4,5873,"[""train_01"", ""train_02"", ""train_03"", ""train_04""]",,,,0.01,ped2_to_avenue,total represented test-video duration,0.0,,,0.372374706011617,0.3418145129190811,CAL_mean_std,0.372374706011617,"{""avenue_camera_01"": 0.372374706011617}","{""avenue_camera_01"": 0.0}",,"{""test_01"": 0.34994579791179325, ""test_02"": 0.12812193314506598, ""test_03"": 0.32875488093273936, ""test_04"": 0.25878220140515223, ""test_05"": 0.29070022181449734, ""test_06"": 0.415330571068276, ""test_07"": 0.32596228451911075, ""test_09"": 0.37424137096081295, ""test_10"": 0.6746208742194469, ""test_11"": 0.28076304200542007, ""test_12"": 0.08727299284288427, ""test_13"": 0.2630379746835443, ""test_14"": 0.0520566756132576, ""test_15"": 0.6849127942432004, ""test_16"": 0.7459398944445252, ""test_17"": 0.28435019841269843, ""test_19"": 0.3578703703703704, ""test_20"": 0.4810651533340609, ""test_21"": 0.11074651353568499}",0.8409341944940498,0.7328326650912448,0.0,analysis/track_b/scores/ped2_to_avenue/prototype_seed29_cal_mean_std_budget4.npz,prototype,29,,221.03443070810974,267.66857904881346,112.57815732077756,185.87541094297512,196.1562781455285,269.79764903712476,0.0,0.0,0.002963362068965517,0.007004310344827586,B-CAL,False,True,0.372374706011617
0.01,0.18979733743052868,4,5873,"[""train_01"", ""train_02"", ""train_03"", ""train_04""]",,,,0.01,ped2_to_avenue,total represented test-video duration,0.0,,,0.372374706011617,0.3418145129190811,CAL_median_mad,0.372374706011617,"{""avenue_camera_01"": 0.372374706011617}","{""avenue_camera_01"": 0.0}",,"{""test_01"": 0.34994579791179325, ""test_02"": 0.12812193314506598, ""test_03"": 0.32875488093273936, ""test_04"": 0.25878220140515223, ""test_05"": 0.29070022181449734, ""test_06"": 0.415330571068276, ""test_07"": 0.32596228451911075, ""test_09"": 0.37424137096081295, ""test_10"": 0.6746208742194469, ""test_11"": 0.28076304200542007, ""test_12"": 0.08727299284288427, ""test_13"": 0.2630379746835443, ""test_14"": 0.0520566756132576, ""test_15"": 0.6849127942432004, ""test_16"": 0.7459398944445252, ""test_17"": 0.28435019841269843, ""test_19"": 0.3578703703703704, ""test_20"": 0.4810651533340609, ""test_21"": 0.11074651353568499}",0.765412182407111,0.6615772143314269,0.0,analysis/track_b/scores/ped2_to_avenue/prototype_seed29_cal_median_mad_budget4.npz,prototype,29,,221.03443070810974,267.66857904881346,112.85250524681159,169.18244599540762,177.08343289116536,269.79764903712476,0.0,0.0,0.002963362068965517,0.007004310344827586,B-CAL,False,True,0.372374706011617
0.01,0.18999184087406357,4,5873,"[""train_01"", ""train_02"", ""train_03"", ""train_04""]",,,,0.01,ped2_to_avenue,total represented test-video duration,0.0,,,0.3723690104506931,0.3417807527777706,CAL_empirical_cdf,0.3723690104506931,"{""avenue_camera_01"": 0.3723690104506931}","{""avenue_camera_01"": 0.0}",,"{""test_01"": 0.349944609269508, ""test_02"": 0.128136954475355, ""test_03"": 0.32873425727327726, ""test_04"": 0.2587570194656392, ""test_05"": 0.29071619610957455, ""test_06"": 0.4153387596010547, ""test_07"": 0.32596228451911075, ""test_09"": 0.37395236942207505, ""test_10"": 0.67456777537063, ""test_11"": 0.2806783536585366, ""test_12"": 0.08723891133940309, ""test_13"": 0.2630239099859353, ""test_14"": 0.05172898071281443, ""test_15"": 0.6848762044151726, ""test_16"": 0.7459689730877157, ""test_17"": 0.2845052083333333, ""test_19"": 0.3578373015873016, ""test_20"": 0.48111972061551894, ""test_21"": 0.11074651353568499}",0.806765644636662,0.7494855224449132,0.0,analysis/track_b/scores/ped2_to_avenue/prototype_seed29_cal_empirical_cdf_budget4.npz,prototype,29,,221.03443070810974,267.66857904881346,116.98905901345128,178.32298497712574,200.6137248104875,269.79764903712476,0.0,0.0,0.002963362068965517,0.007004310344827586,B-CAL,False,True,0.3723690104506931
0.99,0.19136029726089318,,,,,,,0.01,ped2_to_avenue,total represented test-video duration,499.216913744142,,,0.3774408784536211,0.3440666897096303,B0_pooled_q99,0.3774408784536211,"{""avenue_camera_01"": 0.3774408784536211}","{""avenue_camera_01"": 1.0}",,"{""test_01"": 0.3664512846845819, ""test_02"": 0.13755532856656452, ""test_03"": 0.31836055656382334, ""test_04"": 0.24718591825942435, ""test_05"": 0.3144973573951858, ""test_06"": 0.4129613555843064, ""test_07"": 0.321104476604932, ""test_09"": 0.36125582884860225, ""test_10"": 0.6716791979949874, ""test_11"": 0.27896341463414637, ""test_12"": 0.08998003797653245, ""test_13"": 0.26762306610407877, ""test_14"": 0.04721927470195369, ""test_15"": 0.6692523478472985, ""test_16"": 0.7691882696753369, ""test_17"": 0.3288690476190476, ""test_19"": 0.3626984126984127, ""test_20"": 0.46987886063516315, ""test_21"": 0.10254306808859721}",15.288963571604452,13.416272755005135,0.0,analysis/track_b/scores/ped2_to_avenue/prototype_seed43_b0_pooled_q99.npz,prototype,43,,222.169536691458,256.8388368299048,3059.747039309521,3396.74195319594,3445.819888988261,257.62803047701345,1.0,1.0,0.002963362068965517,0.007273706896551724,B-ZS,False,False,0.3774408784536211
0.99,0.19136029726089318,,,,,,,0.01,ped2_to_avenue,total represented test-video duration,499.216913744142,,,0.3774408784536211,0.3440666897096303,B1_source_mean_std,0.3774408784536211,"{""avenue_camera_01"": 0.3774408784536211}","{""avenue_camera_01"": 1.0}",,"{""test_01"": 0.3664512846845819, ""test_02"": 0.13755532856656452, ""test_03"": 0.31836055656382334, ""test_04"": 0.24718591825942435, ""test_05"": 0.3144973573951858, ""test_06"": 0.4129613555843064, ""test_07"": 0.321104476604932, ""test_09"": 0.36125582884860225, ""test_10"": 0.6716791979949874, ""test_11"": 0.27896341463414637, ""test_12"": 0.08998003797653245, ""test_13"": 0.26762306610407877, ""test_14"": 0.04721927470195369, ""test_15"": 0.6692523478472985, ""test_16"": 0.7691882696753369, ""test_17"": 0.3288690476190476, ""test_19"": 0.3626984126984127, ""test_20"": 0.46987886063516315, ""test_21"": 0.10254306808859721}",43.39856452850132,30.111463132624195,0.0,analysis/track_b/scores/ped2_to_avenue/prototype_seed43_b1_source_mean_std.npz,prototype,43,,1.9962078921729232,2.920515989637162,77.64803392784354,86.63255702077021,87.94100955019887,2.941556451243738,1.0,1.0,0.002963362068965517,0.007273706896551724,B-ZS,False,False,0.3774408784536211
0.99,0.19136029726089318,,,,,,,0.01,ped2_to_avenue,total represented test-video duration,499.216913744142,,,0.3774408784536211,0.3440666897096303,B2_source_median_mad,0.3774408784536211,"{""avenue_camera_01"": 0.3774408784536211}","{""avenue_camera_01"": 1.0}",,"{""test_01"": 0.3664512846845819, ""test_02"": 0.13755532856656452, ""test_03"": 0.31836055656382334, ""test_04"": 0.24718591825942435, ""test_05"": 0.3144973573951858, ""test_06"": 0.4129613555843064, ""test_07"": 0.321104476604932, ""test_09"": 0.36125582884860225, ""test_10"": 0.6716791979949874, ""test_11"": 0.27896341463414637, ""test_12"": 0.08998003797653245, ""test_13"": 0.26762306610407877, ""test_14"": 0.04721927470195369, ""test_15"": 0.6692523478472985, ""test_16"": 0.7691882696753369, ""test_17"": 0.3288690476190476, ""test_19"": 0.3626984126984127, ""test_20"": 0.46987886063516315, ""test_21"": 0.10254306808859721}",39.28969291848544,28.122116578277037,0.0,analysis/track_b/scores/ped2_to_avenue/prototype_seed43_b2_source_median_mad.npz,prototype,43,,2.666464982076156,3.7814720087351663,93.92642239321565,104.76459032366695,106.34299666714179,3.806853440099711,1.0,1.0,0.002963362068965517,0.007273706896551724,B-ZS,False,False,0.3774408784536211
0.99,0.19136029726089318,,,,,,,0.01,ped2_to_avenue,total represented test-video duration,499.216913744142,,,0.3774408784536211,0.3440666897096303,B3_video_balanced_q99,0.3774408784536211,"{""avenue_camera_01"": 0.3774408784536211}","{""avenue_camera_01"": 1.0}","{""train013"": 212.0251337053678, ""train014"": 264.61434608431955, ""train015"": 293.59949759860683, ""train016"": 221.5007515240668}","{""test_01"": 0.3664512846845819, ""test_02"": 0.13755532856656452, ""test_03"": 0.31836055656382334, ""test_04"": 0.24718591825942435, ""test_05"": 0.3144973573951858, ""test_06"": 0.4129613555843064, ""test_07"": 0.321104476604932, ""test_09"": 0.36125582884860225, ""test_10"": 0.6716791979949874, ""test_11"": 0.27896341463414637, ""test_12"": 0.08998003797653245, ""test_13"": 0.26762306610407877, ""test_14"": 0.04721927470195369, ""test_15"": 0.6692523478472985, ""test_16"": 0.7691882696753369, ""test_17"": 0.3288690476190476, ""test_19"": 0.3626984126984127, ""test_20"": 0.46987886063516315, ""test_21"": 0.10254306808859721}",15.288963571604452,13.416272755005135,0.0,analysis/track_b/scores/ped2_to_avenue/prototype_seed43_b3_video_balanced_q99.npz,prototype,43,,222.169536691458,256.8388368299048,3059.747039309521,3396.74195319594,3445.819888988261,243.05754880419317,1.0,1.0,0.002963362068965517,0.007273706896551724,B-ZS,False,False,0.3774408784536211
0.99,0.18965694236067188,,,,8,"{""train013"": 0.0, ""train014"": 0.03333333333333333, ""train015"": 0.006666666666666667, ""train016"": 0.0}",0.011666666666666667,0.01,ped2_to_avenue,total represented test-video duration,499.216913744142,,,0.35071976578183095,0.3158677883495398,B4_conditional_location,0.35071976578183095,"{""avenue_camera_01"": 0.35071976578183095}","{""avenue_camera_01"": 1.0}",,"{""test_01"": 0.40574779863448773, ""test_02"": 0.1932444070580224, ""test_03"": 0.32849364791288566, ""test_04"": 0.19786708972325048, ""test_05"": 0.40034778322425174, ""test_06"": 0.3518366879022617, ""test_07"": 0.34777181796714235, ""test_09"": 0.3739679911268717, ""test_10"": 0.4210951106580009, ""test_11"": 0.3642657520325203, ""test_12"": 0.1828083158868494, ""test_13"": 0.24436005625879043, ""test_14"": 0.06934648274140191, ""test_15"": 0.39401146481278204, ""test_16"": 0.23972433446255398, ""test_17"": 0.6819196428571429, ""test_19"": 0.3767857142857143, ""test_20"": 0.2917166866746699, ""test_21"": 0.1361771944216571}",8.583734257133573,6.45070586344438,0.0,analysis/track_b/scores/ped2_to_avenue/prototype_seed43_b4_conditional_location.npz,prototype,43,0.001,1.5940775362752773,2.1376538766377986,12.985551361651556,13.683137956653184,13.789376396042057,2.1465811923857148,1.0,1.0,0.0024245689655172415,0.01293103448275862,B-ZS,False,False,0.35071976578183095
0.01531863589390286,0.19136029726089318,1,1364,"[""train_01""]",,,,0.01,ped2_to_avenue,total represented test-video duration,370.00783018683467,,,0.3774408784536211,0.3440666897096303,CAL_quantile_q99,0.3774408784536211,"{""avenue_camera_01"": 0.3774408784536211}","{""avenue_camera_01"": 0.010237068965517241}",,"{""test_01"": 0.3664512846845819, ""test_02"": 0.13755532856656452, ""test_03"": 0.31836055656382334, ""test_04"": 0.24718591825942435, ""test_05"": 0.3144973573951858, ""test_06"": 0.4129613555843064, ""test_07"": 0.321104476604932, ""test_09"": 0.36125582884860225, ""test_10"": 0.6716791979949874, ""test_11"": 0.27896341463414637, ""test_12"": 0.08998003797653245, ""test_13"": 0.26762306610407877, ""test_14"": 0.04721927470195369, ""test_15"": 0.6692523478472985, ""test_16"": 0.7691882696753369, ""test_17"": 0.3288690476190476, ""test_19"": 0.3626984126984127, ""test_20"": 0.46987886063516315, ""test_21"": 0.10254306808859721}",15.288963571604452,13.416272755005135,0.0,analysis/track_b/scores/ped2_to_avenue/prototype_seed43_cal_quantile_q99_budget1.npz,prototype,43,,222.169536691458,256.8388368299048,3059.747039309521,3396.74195319594,3445.819888988261,3427.283781814578,0.02531863589390286,0.010237068965517241,0.002963362068965517,0.007273706896551724,B-CAL,False,True,0.3774408784536211
0.01,0.19136029726089318,1,1364,"[""train_01""]",,,,0.01,ped2_to_avenue,total represented test-video duration,0.0,,,0.3774408784536211,0.3440666897096303,CAL_mean_std,0.3774408784536211,"{""avenue_camera_01"": 0.3774408784536211}","{""avenue_camera_01"": 0.0}",,"{""test_01"": 0.3664512846845819, ""test_02"": 0.13755532856656452, ""test_03"": 0.31836055656382334, ""test_04"": 0.24718591825942435, ""test_05"": 0.3144973573951858, ""test_06"": 0.4129613555843064, ""test_07"": 0.321104476604932, ""test_09"": 0.36125582884860225, ""test_10"": 0.6716791979949874, ""test_11"": 0.27896341463414637, ""test_12"": 0.08998003797653245, ""test_13"": 0.26762306610407877, ""test_14"": 0.04721927470195369, ""test_15"": 0.6692523478472985, ""test_16"": 0.7691882696753369, ""test_17"": 0.3288690476190476, ""test_19"": 0.3626984126984127, ""test_20"": 0.46987886063516315, ""test_21"": 0.10254306808859721}",0.8768779492345181,0.7990501592615081,0.0,analysis/track_b/scores/ped2_to_avenue/prototype_seed43_cal_mean_std_budget1.npz,prototype,43,,222.169536691458,256.8388368299048,123.32441982701272,194.81556771638873,205.22711347347592,257.62803047701345,0.0,0.0,0.002963362068965517,0.007273706896551724,B-CAL,False,True,0.3774408784536211
0.01,0.19136029726089318,1,1364,"[""train_01""]",,,,0.01,ped2_to_avenue,total represented test-video duration,0.0,,,0.3774408784536211,0.3440666897096303,CAL_median_mad,0.3774408784536211,"{""avenue_camera_01"": 0.3774408784536211}","{""avenue_camera_01"": 0.0}",,"{""test_01"": 0.3664512846845819, ""test_02"": 0.13755532856656452, ""test_03"": 0.31836055656382334, ""test_04"": 0.24718591825942435, ""test_05"": 0.3144973573951858, ""test_06"": 0.4129613555843064, ""test_07"": 0.321104476604932, ""test_09"": 0.36125582884860225, ""test_10"": 0.6716791979949874, ""test_11"": 0.27896341463414637, ""test_12"": 0.08998003797653245, ""test_13"": 0.26762306610407877, ""test_14"": 0.04721927470195369, ""test_15"": 0.6692523478472985, ""test_16"": 0.7691882696753369, ""test_17"": 0.3288690476190476, ""test_19"": 0.3626984126984127, ""test_20"": 0.46987886063516315, ""test_21"": 0.10254306808859721}",0.7739316025903502,0.6984547452423069,0.0,analysis/track_b/scores/ped2_to_avenue/prototype_seed43_cal_median_mad_budget1.npz,prototype,43,,222.169536691458,256.8388368299048,120.81396006766829,171.94402557837572,179.39030434636157,257.62803047701345,0.0,0.0,0.002963362068965517,0.007273706896551724,B-CAL,False,True,0.3774408784536211
0.015232518084739926,0.19008272488003586,1,1364,"[""train_01""]",,,,0.01,ped2_to_avenue,total represented test-video duration,370.00783018683467,,,0.3774125282481262,0.34380253330096905,CAL_empirical_cdf,0.3774125282481262,"{""avenue_camera_01"": 0.3774125282481262}","{""avenue_camera_01"": 0.010237068965517241}",,"{""test_01"": 0.36645366196915236, ""test_02"": 0.13768050631897294, ""test_03"": 0.31825056371335864, ""test_04"": 0.24706000856185945, ""test_05"": 0.31456581865980227, ""test_06"": 0.4128248800379948, ""test_07"": 0.3195442431602739, ""test_09"": 0.3605255141493591, ""test_10"": 0.6717960154623848, ""test_11"": 0.2786670054200542, ""test_12"": 0.08995569404547446, ""test_13"": 0.2673980309423347, ""test_14"": 0.046673116534548406, ""test_15"": 0.6691974631052567, ""test_16"": 0.7691301123889559, ""test_17"": 0.3287760416666667, ""test_19"": 0.36266534391534394, ""test_20"": 0.4689512168503765, ""test_21"": 0.10213289581624282}",0.8971423781361733,1.1981197869664593,0.0,analysis/track_b/scores/ped2_to_avenue/prototype_seed43_cal_empirical_cdf_budget1.npz,prototype,43,,222.169536691458,256.8388368299048,121.76732719334606,199.31770649678643,307.7236924673587,257.62803047701345,0.025232518084739926,0.010237068965517241,0.0,0.0,B-CAL,False,True,0.3774125282481262
0.009052704099207717,0.19136029726089318,2,2875,"[""train_01"", ""train_02""]",,,,0.01,ped2_to_avenue,total represented test-video duration,23.49256064678315,,,0.3774408784536211,0.3440666897096303,CAL_quantile_q99,0.3774408784536211,"{""avenue_camera_01"": 0.3774408784536211}","{""avenue_camera_01"": 0.002963362068965517}",,"{""test_01"": 0.3664512846845819, ""test_02"": 0.13755532856656452, ""test_03"": 0.31836055656382334, ""test_04"": 0.24718591825942435, ""test_05"": 0.3144973573951858, ""test_06"": 0.4129613555843064, ""test_07"": 0.321104476604932, ""test_09"": 0.36125582884860225, ""test_10"": 0.6716791979949874, ""test_11"": 0.27896341463414637, ""test_12"": 0.08998003797653245, ""test_13"": 0.26762306610407877, ""test_14"": 0.04721927470195369, ""test_15"": 0.6692523478472985, ""test_16"": 0.7691882696753369, ""test_17"": 0.3288690476190476, ""test_19"": 0.3626984126984127, ""test_20"": 0.46987886063516315, ""test_21"": 0.10254306808859721}",15.288963571604452,13.416272755005135,0.0,analysis/track_b/scores/ped2_to_avenue/prototype_seed43_cal_quantile_q99_budget2.npz,prototype,43,,222.169536691458,256.8388368299048,3059.747039309521,3396.74195319594,3445.819888988261,3484.2612697138584,0.0009472959007922839,0.002963362068965517,0.002963362068965517,0.007273706896551724,B-CAL,False,True,0.3774408784536211
0.01,0.19136029726089318,2,2875,"[""train_01"", ""train_02""]",,,,0.01,ped2_to_avenue,total represented test-video duration,0.0,,,0.3774408784536211,0.3440666897096303,CAL_mean_std,0.3774408784536211,"{""avenue_camera_01"": 0.3774408784536211}","{""avenue_camera_01"": 0.0}",,"{""test_01"": 0.3664512846845819, ""test_02"": 0.13755532856656452, ""test_03"": 0.31836055656382334, ""test_04"": 0.24718591825942435, ""test_05"": 0.3144973573951858, ""test_06"": 0.4129613555843064, ""test_07"": 0.321104476604932, ""test_09"": 0.36125582884860225, ""test_10"": 0.6716791979949874, ""test_11"": 0.27896341463414637, ""test_12"": 0.08998003797653245, ""test_13"": 0.26762306610407877, ""test_14"": 0.04721927470195369, ""test_15"": 0.6692523478472985, ""test_16"": 0.7691882696753369, ""test_17"": 0.3288690476190476, ""test_19"": 0.3626984126984127, ""test_20"": 0.46987886063516315, ""test_21"": 0.10254306808859721}",0.8525478701571649,0.7783460481769262,0.0,analysis/track_b/scores/ped2_to_avenue/prototype_seed43_cal_mean_std_budget2.npz,prototype,43,,222.169536691458,256.8388368299048,117.31625602456796,189.41016532010664,199.90949366491475,257.62803047701345,0.0,0.0,0.002963362068965517,0.007273706896551724,B-CAL,False,True,0.3774408784536211
0.01,0.19136029726089318,2,2875,"[""train_01"", ""train_02""]",,,,0.01,ped2_to_avenue,total represented test-video duration,0.0,,,0.3774408784536211,0.3440666897096303,CAL_median_mad,0.3774408784536211,"{""avenue_camera_01"": 0.3774408784536211}","{""avenue_camera_01"": 0.0}",,"{""test_01"": 0.3664512846845819, ""test_02"": 0.13755532856656452, ""test_03"": 0.31836055656382334, ""test_04"": 0.24718591825942435, ""test_05"": 0.3144973573951858, ""test_06"": 0.4129613555843064, ""test_07"": 0.321104476604932, ""test_09"": 0.36125582884860225, ""test_10"": 0.6716791979949874, ""test_11"": 0.27896341463414637, ""test_12"": 0.08998003797653245, ""test_13"": 0.26762306610407877, ""test_14"": 0.04721927470195369, ""test_15"": 0.6692523478472985, ""test_16"": 0.7691882696753369, ""test_17"": 0.3288690476190476, ""test_19"": 0.3626984126984127, ""test_20"": 0.46987886063516315, ""test_21"": 0.10254306808859721}",0.7515148742688571,0.677751598671449,0.0,analysis/track_b/scores/ped2_to_avenue/prototype_seed43_cal_median_mad_budget2.npz,prototype,43,,222.169536691458,256.8388368299048,118.14806296490266,166.9637114330513,174.07293226238338,257.62803047701345,0.0,0.0,0.002963362068965517,0.007273706896551724,B-CAL,False,True,0.3774408784536211
0.009052704099207717,0.19162362633732052,2,2875,"[""train_01"", ""train_02""]",,,,0.01,ped2_to_avenue,total represented test-video duration,23.49256064678315,,,0.3774323641120363,0.34392055229685975,CAL_empirical_cdf,0.3774323641120363,"{""avenue_camera_01"": 0.3774323641120363}","{""avenue_camera_01"": 0.0026939655172413795}",,"{""test_01"": 0.3664714916034309, ""test_02"": 0.13766548498868394, ""test_03"": 0.3184705494142881, ""test_04"": 0.2471103724408854, ""test_05"": 0.31445171655210813, ""test_06"": 0.41295589656245396, ""test_07"": 0.3212056809364774, ""test_09"": 0.3608555226631882, ""test_10"": 0.6716845078798692, ""test_11"": 0.27868817750677505, ""test_12"": 0.08998977554895564, ""test_13"": 0.26749648382559776, ""test_14"": 0.04681355720616691, ""test_15"": 0.6692828393706549, ""test_16"": 0.7692900449265038, ""test_17"": 0.3287760416666667, ""test_19"": 0.3623346560846561, ""test_20"": 0.4688147986467314, ""test_21"": 0.10213289581624282}",0.8358708389859513,0.8674151381226656,0.0,analysis/track_b/scores/ped2_to_avenue/prototype_seed43_cal_empirical_cdf_budget2.npz,prototype,43,,222.169536691458,256.8388368299048,119.5469148670497,185.7050370314091,222.78589512407663,257.62803047701345,0.0009472959007922839,0.0026939655172413795,0.002963362068965517,0.007273706896551724,B-CAL,False,True,0.3774323641120363
0.01,0.19136029726089318,4,5873,"[""train_01"", ""train_02"", ""train_03"", ""train_04""]",,,,0.01,ped2_to_avenue,total represented test-video duration,0.0,,,0.3774408784536211,0.3440666897096303,CAL_quantile_q99,0.3774408784536211,"{""avenue_camera_01"": 0.3774408784536211}","{""avenue_camera_01"": 0.0}",,"{""test_01"": 0.3664512846845819, ""test_02"": 0.13755532856656452, ""test_03"": 0.31836055656382334, ""test_04"": 0.24718591825942435, ""test_05"": 0.3144973573951858, ""test_06"": 0.4129613555843064, ""test_07"": 0.321104476604932, ""test_09"": 0.36125582884860225, ""test_10"": 0.6716791979949874, ""test_11"": 0.27896341463414637, ""test_12"": 0.08998003797653245, ""test_13"": 0.26762306610407877, ""test_14"": 0.04721927470195369, ""test_15"": 0.6692523478472985, ""test_16"": 0.7691882696753369, ""test_17"": 0.3288690476190476, ""test_19"": 0.3626984126984127, ""test_20"": 0.46987886063516315, ""test_21"": 0.10254306808859721}",15.288963571604452,13.416272755005135,0.0,analysis/track_b/scores/ped2_to_avenue/prototype_seed43_cal_quantile_q99_budget4.npz,prototype,43,,222.169536691458,256.8388368299048,3059.747039309521,3396.74195319594,3445.819888988261,3568.394239096393,0.0,0.0,0.002963362068965517,0.007273706896551724,B-CAL,False,True,0.3774408784536211
0.01,0.19136029726089318,4,5873,"[""train_01"", ""train_02"", ""train_03"", ""train_04""]",,,,0.01,ped2_to_avenue,total represented test-video duration,0.0,,,0.3774408784536211,0.3440666897096303,CAL_mean_std,0.3774408784536211,"{""avenue_camera_01"": 0.3774408784536211}","{""avenue_camera_01"": 0.0}",,"{""test_01"": 0.3664512846845819, ""test_02"": 0.13755532856656452, ""test_03"": 0.31836055656382334, ""test_04"": 0.24718591825942435, ""test_05"": 0.3144973573951858, ""test_06"": 0.4129613555843064, ""test_07"": 0.321104476604932, ""test_09"": 0.36125582884860225, ""test_10"": 0.6716791979949874, ""test_11"": 0.27896341463414637, ""test_12"": 0.08998003797653245, ""test_13"": 0.26762306610407877, ""test_14"": 0.04721927470195369, ""test_15"": 0.6692523478472985, ""test_16"": 0.7691882696753369, ""test_17"": 0.3288690476190476, ""test_19"": 0.3626984126984127, ""test_20"": 0.46987886063516315, ""test_21"": 0.10254306808859721}",0.8314749699688344,0.760188982066973,0.0,analysis/track_b/scores/ped2_to_avenue/prototype_seed43_cal_mean_std_budget4.npz,prototype,43,,222.169536691458,256.8388368299048,112.5087272418666,184.7284088485199,195.2460539249907,257.62803047701345,0.0,0.0,0.002963362068965517,0.007273706896551724,B-CAL,False,True,0.3774408784536211
0.01,0.19136029726089318,4,5873,"[""train_01"", ""train_02"", ""train_03"", ""train_04""]",,,,0.01,ped2_to_avenue,total represented test-video duration,0.0,,,0.3774408784536211,0.3440666897096303,CAL_median_mad,0.3774408784536211,"{""avenue_camera_01"": 0.3774408784536211}","{""avenue_camera_01"": 0.0}",,"{""test_01"": 0.3664512846845819, ""test_02"": 0.13755532856656452, ""test_03"": 0.31836055656382334, ""test_04"": 0.24718591825942435, ""test_05"": 0.3144973573951858, ""test_06"": 0.4129613555843064, ""test_07"": 0.321104476604932, ""test_09"": 0.36125582884860225, ""test_10"": 0.6716791979949874, ""test_11"": 0.27896341463414637, ""test_12"": 0.08998003797653245, ""test_13"": 0.26762306610407877, ""test_14"": 0.04721927470195369, ""test_15"": 0.6692523478472985, ""test_16"": 0.7691882696753369, ""test_17"": 0.3288690476190476, ""test_19"": 0.3626984126984127, ""test_20"": 0.46987886063516315, ""test_21"": 0.10254306808859721}",0.7557512301226841,0.6847789634011295,0.0,analysis/track_b/scores/ped2_to_avenue/prototype_seed43_cal_median_mad_budget4.npz,prototype,43,,222.169536691458,256.8388368299048,113.15855852407094,167.90490065035618,175.87783244553404,257.62803047701345,0.0,0.0,0.002963362068965517,0.007273706896551724,B-CAL,False,True,0.3774408784536211
0.01,0.19156844665139344,4,5873,"[""train_01"", ""train_02"", ""train_03"", ""train_04""]",,,,0.01,ped2_to_avenue,total represented test-video duration,0.0,,,0.37743721287876986,0.3439248290934971,CAL_empirical_cdf,0.37743721287876986,"{""avenue_camera_01"": 0.37743721287876986}","{""avenue_camera_01"": 0.0}",,"{""test_01"": 0.36647981209942754, ""test_02"": 0.13761541388772056, ""test_03"": 0.3183536820106693, ""test_04"": 0.24716073631991137, ""test_05"": 0.31448822922657027, ""test_06"": 0.41295726131791705, ""test_07"": 0.32113821138211385, ""test_09"": 0.36118553117701735, ""test_10"": 0.6716632683403424, ""test_11"": 0.27880462398373984, ""test_12"": 0.08999951312137884, ""test_13"": 0.2673980309423347, ""test_14"": 0.04681355720616691, ""test_15"": 0.6692462495426271, ""test_16"": 0.7692318876401227, ""test_17"": 0.32880704365079366, ""test_19"": 0.3623346560846561, ""test_20"": 0.4683509767543381, ""test_21"": 0.10254306808859721}",0.7960099769808012,0.7793518860573971,0.0,analysis/track_b/scores/ped2_to_avenue/prototype_seed43_cal_empirical_cdf_budget4.npz,prototype,43,,222.169536691458,256.8388368299048,117.13316197241676,176.84916778760277,200.16783189617436,257.62803047701345,0.0,0.0,0.002963362068965517,0.007273706896551724,B-CAL,False,True,0.37743721287876986
0.99,0.9057300707074043,,,,,,,0.01,avenue_to_ped2,total represented test-video duration,143.28358250382377,,,0.6540507831357614,0.7216140025152309,B0_pooled_q99,0.6540507831357614,"{""ped2_camera_01"": 0.6540507831357614}","{""ped2_camera_01"": 1.0}",,"{""test001"": 0.7138888888888889, ""test002"": 0.6230826323602177, ""test003"": 0.8065068493150684, ""test004"": 0.8262222222222222, ""test005"": 0.8361018826135105, ""test006"": 0.870020964360587, ""test007"": 0.45810699588477366, ""test012"": 0.6389815844765789}",7.891013039150989,6.500979011854768,0.0,analysis/track_b/scores/avenue_to_ped2/knn_seed13_b0_pooled_q99.npz,knn,13,,361.6359962701078,447.3662380646394,2789.613774967469,2853.6743619937793,2908.318524270644,447.4952581951544,1.0,1.0,0.044902912621359224,0.12742718446601942,B-ZS,False,False,0.6540507831357614
0.99,0.9057300707074043,,,,,,,0.01,avenue_to_ped2,total represented test-video duration,143.28358250382377,,,0.6540507831357614,0.7216140025152309,B1_source_mean_std,0.6540507831357614,"{""ped2_camera_01"": 0.6540507831357614}","{""ped2_camera_01"": 1.0}",,"{""test001"": 0.7138888888888889, ""test002"": 0.6230826323602177, ""test003"": 0.8065068493150684, ""test004"": 0.8262222222222222, ""test005"": 0.8361018826135105, ""test006"": 0.870020964360587, ""test007"": 0.45810699588477366, ""test012"": 0.6389815844765789}",15.414753324587728,10.516026246210982,0.0,analysis/track_b/scores/avenue_to_ped2/knn_seed13_b1_source_mean_std.npz,knn,13,,1.7590159548571993,2.6312967644375993,26.462998798172215,27.11479703813787,27.670785836395833,2.6326095075436733,1.0,1.0,0.044902912621359224,0.12742718446601942,B-ZS,False,False,0.6540507831357614
0.99,0.9057300707074043,,,,,,,0.01,avenue_to_ped2,total represented test-video duration,143.28358250382377,,,0.6540507831357614,0.7216140025152309,B2_source_median_mad,0.6540507831357614,"{""ped2_camera_01"": 0.6540507831357614}","{""ped2_camera_01"": 1.0}",,"{""test001"": 0.7138888888888889, ""test002"": 0.6230826323602177, ""test003"": 0.8065068493150684, ""test004"": 0.8262222222222222, ""test005"": 0.8361018826135105, ""test006"": 0.870020964360587, ""test007"": 0.45810699588477366, ""test012"": 0.6389815844765789}",12.532392385130436,9.15369326775202,0.0,analysis/track_b/scores/avenue_to_ped2/knn_seed13_b2_source_median_mad.npz,knn,13,,2.5374801277050545,3.5441831788789315,31.04845346492146,31.800696629870632,32.44236570418403,3.5456982213695802,1.0,1.0,0.044902912621359224,0.12742718446601942,B-ZS,False,False,0.6540507831357614
0.99,0.9057300707074043,,,,,,,0.01,avenue_to_ped2,total represented test-video duration,143.28358250382377,,,0.6540507831357614,0.7216140025152309,B3_video_balanced_q99,0.6540507831357614,"{""ped2_camera_01"": 0.6540507831357614}","{""ped2_camera_01"": 1.0}","{""train_13"": 212.80085602105, ""train_14"": 193.33470488032617, ""train_15"": 447.3160635694391, ""train_16"": 558.522891430985}","{""test001"": 0.7138888888888889, ""test002"": 0.6230826323602177, ""test003"": 0.8065068493150684, ""test004"": 0.8262222222222222, ""test005"": 0.8361018826135105, ""test006"": 0.870020964360587, ""test007"": 0.45810699588477366, ""test012"": 0.6389815844765789}",7.891013039150989,6.500979011854768,0.0,analysis/track_b/scores/avenue_to_ped2/knn_seed13_b3_video_balanced_q99.npz,knn,13,,361.6359962701078,447.3662380646394,2789.613774967469,2853.6743619937793,2908.318524270644,330.0584597952446,1.0,1.0,0.044902912621359224,0.12742718446601942,B-ZS,False,False,0.6540507831357614
0.99,0.8149724517943102,,,,8,"{""train_13"": 0.0, ""train_14"": 0.0, ""train_15"": 0.028328611898016998, ""train_16"": 0.01639344262295082}",0.011180513630241954,0.01,avenue_to_ped2,total represented test-video duration,143.28358250382377,,,0.4911595505015287,0.4941711509114272,B4_conditional_location,0.4911595505015287,"{""ped2_camera_01"": 0.4911595505015287}","{""ped2_camera_01"": 1.0}",,"{""test001"": 0.4602777777777778, ""test002"": 0.3419099455714993, ""test003"": 0.6506849315068494, ""test004"": 0.8128888888888889, ""test005"": 0.45921004060538945, ""test006"": 0.8562443845462714, ""test007"": 0.02683127572016461, ""test012"": 0.3453219626745767}",5.7973114528061975,4.174069160025288,0.0,analysis/track_b/scores/avenue_to_ped2/knn_seed13_b4_conditional_location.npz,knn,13,0.001,1.5076602187583716,2.1795896901263645,7.8800938112226415,8.740375853148205,9.097758107065532,2.188554794902973,1.0,1.0,0.0018203883495145632,0.00424757281553398,B-ZS,False,False,0.4911595505015287
0.003812154696132596,0.9057300707074043,1,120,"[""train001""]",,,,0.01,avenue_to_ped2,total represented test-video duration,71.64179125191188,,,0.6540507831357614,0.7216140025152309,CAL_quantile_q99,0.6540507831357614,"{""ped2_camera_01"": 0.6540507831357614}","{""ped2_camera_01"": 0.15109223300970873}",,"{""test001"": 0.7138888888888889, ""test002"": 0.6230826323602177, ""test003"": 0.8065068493150684, ""test004"": 0.8262222222222222, ""test005"": 0.8361018826135105, ""test006"": 0.870020964360587, ""test007"": 0.45810699588477366, ""test012"": 0.6389815844765789}",7.891013039150989,6.500979011854768,0.0,analysis/track_b/scores/avenue_to_ped2/knn_seed13_cal_quantile_q99_budget1.npz,knn,13,,361.6359962701078,447.3662380646394,2789.613774967469,2853.6743619937793,2908.318524270644,2897.4089256796806,0.013812154696132596,0.15109223300970873,0.044902912621359224,0.12742718446601942,B-CAL,False,True,0.6540507831357614
0.028674033149171267,0.9057300707074043,1,120,"[""train001""]",,,,0.01,avenue_to_ped2,total represented test-video duration,143.28358250382377,,,0.6540507831357614,0.7216140025152309,CAL_mean_std,0.6540507831357614,"{""ped2_camera_01"": 0.6540507831357614}","{""ped2_camera_01"": 0.2354368932038835}",,"{""test001"": 0.7138888888888889, ""test002"": 0.6230826323602177, ""test003"": 0.8065068493150684, ""test004"": 0.8262222222222222, ""test005"": 0.8361018826135105, ""test006"": 0.870020964360587, ""test007"": 0.45810699588477366, ""test012"": 0.6389815844765789}",1.208126797692664,1.1030910528628872,0.0,analysis/track_b/scores/avenue_to_ped2/knn_seed13_cal_mean_std_budget1.npz,knn,13,,361.6359962701078,447.3662380646394,370.56795542683886,436.90213810420147,493.48569456203217,447.4952581951544,0.03867403314917127,0.2354368932038835,0.044902912621359224,0.12742718446601942,B-CAL,False,True,0.6540507831357614
0.012099447513812154,0.9057300707074043,1,120,"[""train001""]",,,,0.01,avenue_to_ped2,total represented test-video duration,89.55223906488986,,,0.6540507831357614,0.7216140025152309,CAL_median_mad,0.6540507831357614,"{""ped2_camera_01"": 0.6540507831357614}","{""ped2_camera_01"": 0.20145631067961164}",,"{""test001"": 0.7138888888888889, ""test002"": 0.6230826323602177, ""test003"": 0.8065068493150684, ""test004"": 0.8262222222222222, ""test005"": 0.8361018826135105, ""test006"": 0.870020964360587, ""test007"": 0.45810699588477366, ""test012"": 0.6389815844765789}",1.170391782153324,1.0789416689060642,0.0,analysis/track_b/scores/avenue_to_ped2/knn_seed13_cal_median_mad_budget1.npz,knn,13,,361.6359962701078,447.3662380646394,353.589029514442,423.25579816536435,482.68207550968964,447.4952581951544,0.022099447513812154,0.20145631067961164,0.044902912621359224,0.12742718446601942,B-CAL,False,True,0.6540507831357614
0.003812154696132596,0.8983077941712535,1,120,"[""train001""]",,,,0.01,avenue_to_ped2,total represented test-video duration,71.64179125191188,,,0.6517040578233116,0.7195893844562478,CAL_empirical_cdf,0.6517040578233116,"{""ped2_camera_01"": 0.6517040578233116}","{""ped2_camera_01"": 0.14502427184466019}",,"{""test001"": 0.7133333333333334, ""test002"": 0.6242577931716972, ""test003"": 0.8116438356164384, ""test004"": 0.8223333333333334, ""test005"": 0.8283499446290143, ""test006"": 0.8688230008984726, ""test007"": 0.448559670781893, ""test012"": 0.6394141638857991}",1.0858448258959408,1.007545896545348,0.0,analysis/track_b/scores/avenue_to_ped2/knn_seed13_cal_empirical_cdf_budget1.npz,knn,13,,361.6359962701078,447.3662380646394,354.6269923727039,392.6805754076203,450.7420174149567,447.4952581951544,0.013812154696132596,0.14502427184466019,0.0,0.0,B-CAL,False,True,0.6517040578233116
0.039723756906077344,0.9057300707074043,2,270,"[""train001"", ""train002""]",,,,0.01,avenue_to_ped2,total represented test-video duration,143.28358250382377,,,0.6540507831357614,0.7216140025152309,CAL_quantile_q99,0.6540507831357614,"{""ped2_camera_01"": 0.6540507831357614}","{""ped2_camera_01"": 0.25485436893203883}",,"{""test001"": 0.7138888888888889, ""test002"": 0.6230826323602177, ""test003"": 0.8065068493150684, ""test004"": 0.8262222222222222, ""test005"": 0.8361018826135105, ""test006"": 0.870020964360587, ""test007"": 0.45810699588477366, ""test012"": 0.6389815844765789}",7.891013039150989,6.500979011854768,0.0,analysis/track_b/scores/avenue_to_ped2/knn_seed13_cal_quantile_q99_budget2.npz,knn,13,,361.6359962701078,447.3662380646394,2789.613774967469,2853.6743619937793,2908.318524270644,2857.6766071478696,0.049723756906077346,0.25485436893203883,0.044902912621359224,0.12742718446601942,B-CAL,False,True,0.6540507831357614
0.014861878453038673,0.9057300707074043,2,270,"[""train001"", ""train002""]",,,,0.01,avenue_to_ped2,total represented test-video duration,89.55223906488986,,,0.6540507831357614,0.7216140025152309,CAL_mean_std,0.6540507831357614,"{""ped2_camera_01"": 0.6540507831357614}","{""ped2_camera_01"": 0.20813106796116504}",,"{""test001"": 0.7138888888888889, ""test002"": 0.6230826323602177, ""test003"": 0.8065068493150684, ""test004"": 0.8262222222222222, ""test005"": 0.8361018826135105, ""test006"": 0.870020964360587, ""test007"": 0.45810699588477366, ""test012"": 0.6389815844765789}",1.1784761371016323,1.0927791474925808,0.0,analysis/track_b/scores/avenue_to_ped2/knn_seed13_cal_mean_std_budget2.npz,knn,13,,361.6359962701078,447.3662380646394,352.6828481294623,426.17939192129694,488.8724962492396,447.4952581951544,0.024861878453038673,0.20813106796116504,0.044902912621359224,0.12742718446601942,B-CAL,False,True,0.6540507831357614
0.007237569060773481,0.9057300707074043,2,270,"[""train001"", ""train002""]",,,,0.01,avenue_to_ped2,total represented test-video duration,17.91044781297797,,,0.6540507831357614,0.7216140025152309,CAL_median_mad,0.6540507831357614,"{""ped2_camera_01"": 0.6540507831357614}","{""ped2_camera_01"": 0.07220873786407767}",,"{""test001"": 0.7138888888888889, ""test002"": 0.6230826323602177, ""test003"": 0.8065068493150684, ""test004"": 0.8262222222222222, ""test005"": 0.8361018826135105, ""test006"": 0.870020964360587, ""test007"": 0.45810699588477366, ""test012"": 0.6389815844765789}",0.9666433976137212,0.9038016966120493,0.0,analysis/track_b/scores/avenue_to_ped2/knn_seed13_cal_median_mad_budget2.npz,knn,13,,361.6359962701078,447.3662380646394,285.37980745959726,349.57304813396,404.33036496977104,447.4952581951544,0.0027624309392265192,0.07220873786407767,0.044902912621359224,0.12742718446601942,B-CAL,False,True,0.6540507831357614
0.003812154696132596,0.8996255259891829,2,270,"[""train001"", ""train002""]",,,,0.01,avenue_to_ped2,total represented test-video duration,71.64179125191188,,,0.6517434492839135,0.7193374655487456,CAL_empirical_cdf,0.6517434492839135,"{""ped2_camera_01"": 0.6517434492839135}","{""ped2_camera_01"": 0.15109223300970873}",,"{""test001"": 0.7106944444444444, ""test002"": 0.6233918852053439, ""test003"": 0.8073630136986302, ""test004"": 0.8233333333333334, ""test005"": 0.8303802141011444, ""test006"": 0.8694219826295299, ""test007"": 0.4497119341563786, ""test012"": 0.6404029168211594}",1.1855072871504038,1.1723617924007848,0.0,analysis/track_b/scores/avenue_to_ped2/knn_seed13_cal_empirical_cdf_budget2.npz,knn,13,,361.6359962701078,447.3662380646394,358.9902362284454,428.72210887410904,524.4750847170568,447.4952581951544,0.013812154696132596,0.15109223300970873,0.0,0.0,B-CAL,False,True,0.6517434492839135
0.007237569060773481,0.9057300707074043,4,600,"[""train001"", ""train002"", ""train003"", ""train004""]",,,,0.01,avenue_to_ped2,total represented test-video duration,17.91044781297797,,,0.6540507831357614,0.7216140025152309,CAL_quantile_q99,0.6540507831357614,"{""ped2_camera_01"": 0.6540507831357614}","{""ped2_camera_01"": 0.05157766990291262}",,"{""test001"": 0.7138888888888889, ""test002"": 0.6230826323602177, ""test003"": 0.8065068493150684, ""test004"": 0.8262222222222222, ""test005"": 0.8361018826135105, ""test006"": 0.870020964360587, ""test007"": 0.45810699588477366, ""test012"": 0.6389815844765789}",7.891013039150989,6.500979011854768,0.0,analysis/track_b/scores/avenue_to_ped2/knn_seed13_cal_quantile_q99_budget4.npz,knn,13,,361.6359962701078,447.3662380646394,2789.613774967469,2853.6743619937793,2908.318524270644,2967.6685641137246,0.0027624309392265192,0.05157766990291262,0.044902912621359224,0.12742718446601942,B-CAL,False,True,0.6540507831357614
0.007237569060773481,0.9057300707074043,4,600,"[""train001"", ""train002"", ""train003"", ""train004""]",,,,0.01,avenue_to_ped2,total represented test-video duration,17.91044781297797,,,0.6540507831357614,0.7216140025152309,CAL_mean_std,0.6540507831357614,"{""ped2_camera_01"": 0.6540507831357614}","{""ped2_camera_01"": 0.058859223300970875}",,"{""test001"": 0.7138888888888889, ""test002"": 0.6230826323602177, ""test003"": 0.8065068493150684, ""test004"": 0.8262222222222222, ""test005"": 0.8361018826135105, ""test006"": 0.870020964360587, ""test007"": 0.45810699588477366, ""test012"": 0.6389815844765789}",0.9421127670801067,0.8830748671345211,0.0,analysis/track_b/scores/avenue_to_ped2/knn_seed13_cal_mean_std_budget4.npz,knn,13,,361.6359962701078,447.3662380646394,276.9791304891726,340.7018891218024,395.057881239402,447.4952581951544,0.0027624309392265192,0.058859223300970875,0.044902912621359224,0.12742718446601942,B-CAL,False,True,0.6540507831357614
0.01,0.9057300707074043,4,600,"[""train001"", ""train002"", ""train003"", ""train004""]",,,,0.01,avenue_to_ped2,total represented test-video duration,0.0,,,0.6540507831357614,0.7216140025152309,CAL_median_mad,0.6540507831357614,"{""ped2_camera_01"": 0.6540507831357614}","{""ped2_camera_01"": 0.01820388349514563}",,"{""test001"": 0.7138888888888889, ""test002"": 0.6230826323602177, ""test003"": 0.8065068493150684, ""test004"": 0.8262222222222222, ""test005"": 0.8361018826135105, ""test006"": 0.870020964360587, ""test007"": 0.45810699588477366, ""test012"": 0.6389815844765789}",0.7934842383823715,0.7541308451530204,0.0,analysis/track_b/scores/avenue_to_ped2/knn_seed13_cal_median_mad_budget4.npz,knn,13,,361.6359962701078,447.3662380646394,227.84370362063908,286.9524630720366,337.37267920461386,447.4952581951544,0.0,0.01820388349514563,0.044902912621359224,0.12742718446601942,B-CAL,False,True,0.6540507831357614
0.007237569060773481,0.90524675773142,4,600,"[""train001"", ""train002"", ""train003"", ""train004""]",,,,0.01,avenue_to_ped2,total represented test-video duration,17.91044781297797,,,0.6540558118328595,0.721577933221959,CAL_empirical_cdf,0.6540558118328595,"{""ped2_camera_01"": 0.6540558118328595}","{""ped2_camera_01"": 0.050970873786407765}",,"{""test001"": 0.7134722222222222, ""test002"": 0.6229589312221673, ""test003"": 0.8073630136986302, ""test004"": 0.8262222222222222, ""test005"": 0.8361018826135105, ""test006"": 0.8692722371967655, ""test007"": 0.4579423868312757, ""test012"": 0.639290569768879}",0.942450985293644,0.9089087365902946,0.0,analysis/track_b/scores/avenue_to_ped2/knn_seed13_cal_empirical_cdf_budget4.npz,knn,13,,361.6359962701078,447.3662380646394,285.06340286324576,340.82420100241166,406.6150822324843,447.4952581951544,0.0027624309392265192,0.050970873786407765,0.04429611650485437,0.11953883495145631,B-CAL,False,True,0.6540558118328595
0.99,0.9209619169884193,,,,,,,0.01,avenue_to_ped2,total represented test-video duration,143.28358250382377,,,0.6929360215630531,0.7556663775273507,B0_pooled_q99,0.6929360215630531,"{""ped2_camera_01"": 0.6929360215630531}","{""ped2_camera_01"": 1.0}",,"{""test001"": 0.8625, ""test002"": 0.6177634834240475, ""test003"": 0.6917808219178082, ""test004"": 0.8906666666666667, ""test005"": 0.8353636028054633, ""test006"": 0.9389038634321654, ""test007"": 0.5058436213991769, ""test012"": 0.7025089605734767}",15.644571309423782,10.572823574366835,0.0,analysis/track_b/scores/avenue_to_ped2/gaussian_seed13_b0_pooled_q99.npz,gaussian,13,,1161.6367360818706,1757.3770387968182,17738.47374358638,18173.308753279118,18580.43738484198,1763.9155624116001,1.0,1.0,0.10436893203883495,0.22269417475728157,B-ZS,False,False,0.6929360215630531
0.99,0.9209619169884193,,,,,,,0.01,avenue_to_ped2,total represented test-video duration,143.28358250382377,,,0.6929360215630531,0.7556663775273507,B1_source_mean_std,0.6929360215630531,"{""ped2_camera_01"": 0.6929360215630531}","{""ped2_camera_01"": 1.0}",,"{""test001"": 0.8625, ""test002"": 0.6177634834240475, ""test003"": 0.6917808219178082, ""test004"": 0.8906666666666667, ""test005"": 0.8353636028054633, ""test006"": 0.9389038634321654, ""test007"": 0.5058436213991769, ""test012"": 0.7025089605734767}",28.2716736670279,14.794756627636314,0.0,analysis/track_b/scores/avenue_to_ped2/gaussian_seed13_b1_source_mean_std.npz,gaussian,13,,1.763220533092832,3.44716748803467,48.62007086559592,49.84919551460352,51.00000404017336,3.465649579779596,1.0,1.0,0.10436893203883495,0.22269417475728157,B-ZS,False,False,0.6929360215630531
0.99,0.9209619169884193,,,,,,,0.01,avenue_to_ped2,total represented test-video duration,143.28358250382377,,,0.6929360215630531,0.7556663775273507,B2_source_median_mad,0.6929360215630531,"{""ped2_camera_01"": 0.6929360215630531}","{""ped2_camera_01"": 1.0}",,"{""test001"": 0.8625, ""test002"": 0.6177634834240475, ""test003"": 0.6917808219178082, ""test004"": 0.8906666666666667, ""test005"": 0.8353636028054633, ""test006"": 0.9389038634321654, ""test007"": 0.5058436213991769, ""test012"": 0.7025089605734767}",22.313800108413247,13.069116876991659,0.0,analysis/track_b/scores/avenue_to_ped2/gaussian_seed13_b2_source_median_mad.npz,gaussian,13,,4.294955704669676,7.500705021354758,93.49688424203566,95.83678306848832,98.02759058392355,7.535889593415255,1.0,1.0,0.10436893203883495,0.22269417475728157,B-ZS,False,False,0.6929360215630531
0.99,0.9209619169884193,,,,,,,0.01,avenue_to_ped2,total represented test-video duration,143.28358250382377,,,0.6929360215630531,0.7556663775273507,B3_video_balanced_q99,0.6929360215630531,"{""ped2_camera_01"": 0.6929360215630531}","{""ped2_camera_01"": 1.0}","{""train_13"": 532.9076248709235, ""train_14"": 464.27969025915377, ""train_15"": 1347.487237352354, ""train_16"": 2312.9431479371915}","{""test001"": 0.8625, ""test002"": 0.6177634834240475, ""test003"": 0.6917808219178082, ""test004"": 0.8906666666666667, ""test005"": 0.8353636028054633, ""test006"": 0.9389038634321654, ""test007"": 0.5058436213991769, ""test012"": 0.7025089605734767}",15.644571309423782,10.572823574366835,0.0,analysis/track_b/scores/avenue_to_ped2/gaussian_seed13_b3_video_balanced_q99.npz,gaussian,13,,1161.6367360818706,1757.3770387968182,17738.47374358638,18173.308753279118,18580.43738484198,940.1974311116387,1.0,1.0,0.10436893203883495,0.22269417475728157,B-ZS,False,False,0.6929360215630531
0.99,0.8363824309761161,,,,8,"{""train_13"": 0.0, ""train_14"": 0.00196078431372549, ""train_15"": 0.0, ""train_16"": 0.05327868852459016}",0.01782947605271617,0.01,avenue_to_ped2,total represented test-video duration,143.28358250382377,,,0.530918105991525,0.5477403088234236,B4_conditional_location,0.530918105991525,"{""ped2_camera_01"": 0.530918105991525}","{""ped2_camera_01"": 1.0}",,"{""test001"": 0.6304166666666666, ""test002"": 0.4277585353785255, ""test003"": 0.7123287671232876, ""test004"": 0.8568888888888889, ""test005"": 0.4359542266519011, ""test006"": 0.9104522312069482, ""test007"": 0.09728395061728395, ""test012"": 0.31083920405388704}",6.315489334220439,4.637147958731202,0.0,analysis/track_b/scores/avenue_to_ped2/gaussian_seed13_b4_conditional_location.npz,gaussian,13,0.001,1.6375683638149443,2.3291625597110257,9.416644369916494,10.342045535730097,10.800671409317124,2.381489199392734,1.0,1.0,0.0054611650485436895,0.016383495145631068,B-ZS,False,False,0.530918105991525
0.23861878453038673,0.9209619169884193,1,120,"[""train001""]",,,,0.01,avenue_to_ped2,total represented test-video duration,662.686569080185,,,0.6929360215630531,0.7556663775273507,CAL_quantile_q99,0.6929360215630531,"{""ped2_camera_01"": 0.6929360215630531}","{""ped2_camera_01"": 0.5588592233009708}",,"{""test001"": 0.8625, ""test002"": 0.6177634834240475, ""test003"": 0.6917808219178082, ""test004"": 0.8906666666666667, ""test005"": 0.8353636028054633, ""test006"": 0.9389038634321654, ""test007"": 0.5058436213991769, ""test012"": 0.7025089605734767}",15.644571309423782,10.572823574366835,0.0,analysis/track_b/scores/avenue_to_ped2/gaussian_seed13_cal_quantile_q99_budget1.npz,gaussian,13,,1161.6367360818706,1757.3770387968182,17738.47374358638,18173.308753279118,18580.43738484198,17573.12771235198,0.24861878453038674,0.5588592233009708,0.10436893203883495,0.22269417475728157,B-CAL,False,True,0.6929360215630531
0.0010497237569060767,0.9209619169884193,1,120,"[""train001""]",,,,0.01,avenue_to_ped2,total represented test-video duration,71.64179125191188,,,0.6929360215630531,0.7556663775273507,CAL_mean_std,0.6929360215630531,"{""ped2_camera_01"": 0.6929360215630531}","{""ped2_camera_01"": 0.2342233009708738}",,"{""test001"": 0.8625, ""test002"": 0.6177634834240475, ""test003"": 0.6917808219178082, ""test004"": 0.8906666666666667, ""test005"": 0.8353636028054633, ""test006"": 0.9389038634321654, ""test007"": 0.5058436213991769, ""test012"": 0.7025089605734767}",1.3548665036736702,1.0062442177404194,0.0,analysis/track_b/scores/avenue_to_ped2/gaussian_seed13_cal_mean_std_budget1.npz,gaussian,13,,1161.6367360818706,1757.3770387968182,1366.139420207813,1573.862703154138,1768.350483679079,1763.9155624116001,0.011049723756906077,0.2342233009708738,0.10436893203883495,0.22269417475728157,B-CAL,False,True,0.6929360215630531
0.01,0.9209619169884193,1,120,"[""train001""]",,,,0.01,avenue_to_ped2,total represented test-video duration,0.0,,,0.6929360215630531,0.7556663775273507,CAL_median_mad,0.6929360215630531,"{""ped2_camera_01"": 0.6929360215630531}","{""ped2_camera_01"": 0.0012135922330097086}",,"{""test001"": 0.8625, ""test002"": 0.6177634834240475, ""test003"": 0.6917808219178082, ""test004"": 0.8906666666666667, ""test005"": 0.8353636028054633, ""test006"": 0.9389038634321654, ""test007"": 0.5058436213991769, ""test012"": 0.7025089605734767}",0.7903291019399699,0.5808976302963632,0.0,analysis/track_b/scores/avenue_to_ped2/gaussian_seed13_cal_median_mad_budget1.npz,gaussian,13,,1161.6367360818706,1757.3770387968182,808.2999215352038,918.0753184080626,1020.8561573743116,1763.9155624116001,0.0,0.0012135922330097086,0.10436893203883495,0.22269417475728157,B-CAL,False,True,0.6929360215630531
0.18337016574585635,0.8918950107346816,1,120,"[""train001""]",,,,0.01,avenue_to_ped2,total represented test-video duration,537.3134343893391,,,0.6657014361958912,0.7249071179102163,CAL_empirical_cdf,0.6657014361958912,"{""ped2_camera_01"": 0.6657014361958912}","{""ped2_camera_01"": 0.5127427184466019}",,"{""test001"": 0.80125, ""test002"": 0.6083003463631865, ""test003"": 0.6909246575342466, ""test004"": 0.8027777777777778, ""test005"": 0.7857142857142857, ""test006"": 0.9386043725666368, ""test007"": 0.46954732510288066, ""test012"": 0.7021381782227166}",1.5364561178946246,1.0156066857150319,0.0,analysis/track_b/scores/avenue_to_ped2/gaussian_seed13_cal_empirical_cdf_budget1.npz,gaussian,13,,1161.6367360818706,1757.3770387968182,1784.8038699241336,1784.8038699241336,1784.8038699241336,1763.9155624116001,0.19337016574585636,0.5127427184466019,0.0,0.0,B-CAL,False,True,0.6657014361958912
0.19994475138121545,0.9209619169884193,2,270,"[""train001"", ""train002""]",,,,0.01,avenue_to_ped2,total represented test-video duration,608.955225641251,,,0.6929360215630531,0.7556663775273507,CAL_quantile_q99,0.6929360215630531,"{""ped2_camera_01"": 0.6929360215630531}","{""ped2_camera_01"": 0.5388349514563107}",,"{""test001"": 0.8625, ""test002"": 0.6177634834240475, ""test003"": 0.6917808219178082, ""test004"": 0.8906666666666667, ""test005"": 0.8353636028054633, ""test006"": 0.9389038634321654, ""test007"": 0.5058436213991769, ""test012"": 0.7025089605734767}",15.644571309423782,10.572823574366835,0.0,analysis/track_b/scores/avenue_to_ped2/gaussian_seed13_cal_quantile_q99_budget2.npz,gaussian,13,,1161.6367360818706,1757.3770387968182,17738.47374358638,18173.308753279118,18580.43738484198,17631.1337268787,0.20994475138121546,0.5388349514563107,0.10436893203883495,0.22269417475728157,B-CAL,False,True,0.6929360215630531
0.01762430939226519,0.9209619169884193,2,270,"[""train001"", ""train002""]",,,,0.01,avenue_to_ped2,total represented test-video duration,107.46268687786782,,,0.6929360215630531,0.7556663775273507,CAL_mean_std,0.6929360215630531,"{""ped2_camera_01"": 0.6929360215630531}","{""ped2_camera_01"": 0.28640776699029125}",,"{""test001"": 0.8625, ""test002"": 0.6177634834240475, ""test003"": 0.6917808219178082, ""test004"": 0.8906666666666667, ""test005"": 0.8353636028054633, ""test006"": 0.9389038634321654, ""test007"": 0.5058436213991769, ""test012"": 0.7025089605734767}",1.4169546313484886,1.0560980888326281,0.0,analysis/track_b/scores/avenue_to_ped2/gaussian_seed13_cal_mean_std_budget2.npz,gaussian,13,,1161.6367360818706,1757.3770387968182,1421.721051424528,1645.9865531357486,1855.962532031663,1763.9155624116001,0.027624309392265192,0.28640776699029125,0.10436893203883495,0.22269417475728157,B-CAL,False,True,0.6929360215630531
0.01,0.9209619169884193,2,270,"[""train001"", ""train002""]",,,,0.01,avenue_to_ped2,total represented test-video duration,0.0,,,0.6929360215630531,0.7556663775273507,CAL_median_mad,0.6929360215630531,"{""ped2_camera_01"": 0.6929360215630531}","{""ped2_camera_01"": 0.00849514563106796}",,"{""test001"": 0.8625, ""test002"": 0.6177634834240475, ""test003"": 0.6917808219178082, ""test004"": 0.8906666666666667, ""test005"": 0.8353636028054633, ""test006"": 0.9389038634321654, ""test007"": 0.5058436213991769, ""test012"": 0.7025089605734767}",0.8518548279791368,0.629335990053333,0.0,analysis/track_b/scores/avenue_to_ped2/gaussian_seed13_cal_median_mad_budget2.npz,gaussian,13,,1161.6367360818706,1757.3770387968182,865.1873556159726,989.5458619892678,1105.98061860819,1763.9155624116001,0.0,0.00849514563106796,0.10436893203883495,0.22269417475728157,B-CAL,False,True,0.6929360215630531
0.18337016574585635,0.892687621630654,2,270,"[""train001"", ""train002""]",,,,0.01,avenue_to_ped2,total represented test-video duration,537.3134343893391,,,0.6661682669098321,0.7260406253352304,CAL_empirical_cdf,0.6661682669098321,"{""ped2_camera_01"": 0.6661682669098321}","{""ped2_camera_01"": 0.5127427184466019}",,"{""test001"": 0.8015277777777777, ""test002"": 0.6099703117268679, ""test003"": 0.6917808219178082, ""test004"": 0.8026666666666666, ""test005"": 0.7903285345145811, ""test006"": 0.9389038634321654, ""test007"": 0.47045267489711934, ""test012"": 0.7026943517488567}",1.7306083037249032,1.1439424420564581,0.0,analysis/track_b/scores/avenue_to_ped2/gaussian_seed13_cal_empirical_cdf_budget2.npz,gaussian,13,,1161.6367360818706,1757.3770387968182,2010.3381813751791,2010.3381813751791,2010.3381813751791,1763.9155624116001,0.19337016574585636,0.5127427184466019,0.0,0.0,B-CAL,False,True,0.6661682669098321
0.007237569060773481,0.9209619169884193,4,600,"[""train001"", ""train002"", ""train003"", ""train004""]",,,,0.01,avenue_to_ped2,total represented test-video duration,17.91044781297797,,,0.6929360215630531,0.7556663775273507,CAL_quantile_q99,0.6929360215630531,"{""ped2_camera_01"": 0.6929360215630531}","{""ped2_camera_01"": 0.16201456310679613}",,"{""test001"": 0.8625, ""test002"": 0.6177634834240475, ""test003"": 0.6917808219178082, ""test004"": 0.8906666666666667, ""test005"": 0.8353636028054633, ""test006"": 0.9389038634321654, ""test007"": 0.5058436213991769, ""test012"": 0.7025089605734767}",15.644571309423782,10.572823574366835,0.0,analysis/track_b/scores/avenue_to_ped2/gaussian_seed13_cal_quantile_q99_budget4.npz,gaussian,13,,1161.6367360818706,1757.3770387968182,17738.47374358638,18173.308753279118,18580.43738484198,18914.947283616475,0.0027624309392265192,0.16201456310679613,0.10436893203883495,0.22269417475728157,B-CAL,False,True,0.6929360215630531
0.01,0.9209619169884193,4,600,"[""train001"", ""train002"", ""train003"", ""train004""]",,,,0.01,avenue_to_ped2,total represented test-video duration,0.0,,,0.6929360215630531,0.7556663775273507,CAL_mean_std,0.6929360215630531,"{""ped2_camera_01"": 0.6929360215630531}","{""ped2_camera_01"": 0.05339805825242718}",,"{""test001"": 0.8625, ""test002"": 0.6177634834240475, ""test003"": 0.6917808219178082, ""test004"": 0.8906666666666667, ""test005"": 0.8353636028054633, ""test006"": 0.9389038634321654, ""test007"": 0.5058436213991769, ""test012"": 0.7025089605734767}",0.9971692488899955,0.7514431805166121,0.0,analysis/track_b/scores/avenue_to_ped2/gaussian_seed13_cal_mean_std_budget4.npz,gaussian,13,,1161.6367360818706,1757.3770387968182,985.0882547834954,1158.3484316017848,1320.5689914003467,1763.9155624116001,0.0,0.05339805825242718,0.10436893203883495,0.22269417475728157,B-CAL,False,True,0.6929360215630531
0.01,0.9209619169884193,4,600,"[""train001"", ""train002"", ""train003"", ""train004""]",,,,0.01,avenue_to_ped2,total represented test-video duration,0.0,,,0.6929360215630531,0.7556663775273507,CAL_median_mad,0.6929360215630531,"{""ped2_camera_01"": 0.6929360215630531}","{""ped2_camera_01"": 0.0}",,"{""test001"": 0.8625, ""test002"": 0.6177634834240475, ""test003"": 0.6917808219178082, ""test004"": 0.8906666666666667, ""test005"": 0.8353636028054633, ""test006"": 0.9389038634321654, ""test007"": 0.5058436213991769, ""test012"": 0.7025089605734767}",0.5985559335400062,0.4443331539171494,0.0,analysis/track_b/scores/avenue_to_ped2/gaussian_seed13_cal_median_mad_budget4.npz,gaussian,13,,1161.6367360818706,1757.3770387968182,603.9258641834579,695.3045609998499,780.8608822701708,1763.9155624116001,0.0,0.0,0.10436893203883495,0.22269417475728157,B-CAL,False,True,0.6929360215630531
0.007237569060773481,0.9204282781894332,4,600,"[""train001"", ""train002"", ""train003"", ""train004""]",,,,0.01,avenue_to_ped2,total represented test-video duration,17.91044781297797,,,0.6929150686584777,0.7557307580858087,CAL_empirical_cdf,0.6929150686584777,"{""ped2_camera_01"": 0.6929150686584777}","{""ped2_camera_01"": 0.14441747572815533}",,"{""test001"": 0.8619444444444444, ""test002"": 0.6179490351311232, ""test003"": 0.6917808219178082, ""test004"": 0.8912222222222222, ""test005"": 0.8353636028054633, ""test006"": 0.9389038634321654, ""test007"": 0.5059259259259259, ""test012"": 0.7027561488073167}",0.9965042548163038,0.865008346866288,0.0,analysis/track_b/scores/avenue_to_ped2/gaussian_seed13_cal_empirical_cdf_budget4.npz,gaussian,13,,1161.6367360818706,1757.3770387968182,995.4318348647704,1157.5759500565077,1520.1458071504082,1763.9155624116001,0.0027624309392265192,0.14441747572815533,0.0970873786407767,0.2220873786407767,B-CAL,False,True,0.6929150686584777
0.99,0.8281079957016555,,,,,,,0.01,avenue_to_ped2,total represented test-video duration,143.28358250382377,,,0.5142178029287132,0.5867928960577538,B0_pooled_q99,0.5142178029287132,"{""ped2_camera_01"": 0.5142178029287132}","{""ped2_camera_01"": 1.0}",,"{""test001"": 0.3433333333333333, ""test002"": 0.6237011380504701, ""test003"": 0.7654109589041096, ""test004"": 0.8215555555555556, ""test005"": 0.5795496493170912, ""test006"": 0.6510931416591794, ""test007"": 0.4024691358024691, ""test012"": 0.5072302558398221}",7.990189237871009,6.603353498397751,0.0,analysis/track_b/scores/avenue_to_ped2/prototype_seed13_b0_pooled_q99.npz,prototype,13,,390.8155127177734,478.87169361195424,2965.6458178728444,3122.6899037105936,3162.159073296154,481.89296468072916,1.0,1.0,0.0036407766990291263,0.021237864077669904,B-ZS,False,False,0.5142178029287132
0.99,0.8281079957016555,,,,,,,0.01,avenue_to_ped2,total represented test-video duration,143.28358250382377,,,0.5142178029287132,0.5867928960577538,B1_source_mean_std,0.5142178029287132,"{""ped2_camera_01"": 0.5142178029287132}","{""ped2_camera_01"": 1.0}",,"{""test001"": 0.3433333333333333, ""test002"": 0.6237011380504701, ""test003"": 0.7654109589041096, ""test004"": 0.8215555555555556, ""test005"": 0.5795496493170912, ""test006"": 0.6510931416591794, ""test007"": 0.4024691358024691, ""test012"": 0.5072302558398221}",15.260255627745458,10.595890932228867,0.0,analysis/track_b/scores/avenue_to_ped2/prototype_seed13_b1_source_mean_std.npz,prototype,13,,1.739370630691745,2.5388708036836607,25.11736923899099,26.54324045574887,26.901598126852317,2.5663022311838355,1.0,1.0,0.0036407766990291263,0.021237864077669904,B-ZS,False,False,0.5142178029287132
0.99,0.8281079957016555,,,,,,,0.01,avenue_to_ped2,total represented test-video duration,143.28358250382377,,,0.5142178029287132,0.5867928960577538,B2_source_median_mad,0.5142178029287132,"{""ped2_camera_01"": 0.5142178029287132}","{""ped2_camera_01"": 1.0}",,"{""test001"": 0.3433333333333333, ""test002"": 0.6237011380504701, ""test003"": 0.7654109589041096, ""test004"": 0.8215555555555556, ""test005"": 0.5795496493170912, ""test006"": 0.6510931416591794, ""test007"": 0.4024691358024691, ""test012"": 0.5072302558398221}",12.476826044345627,9.228667521374664,0.0,analysis/track_b/scores/avenue_to_ped2/prototype_seed13_b2_source_median_mad.npz,prototype,13,,2.3459905573516866,3.213845572295254,27.72273720098423,29.270516085754437,29.65951225175498,3.243622303717335,1.0,1.0,0.0036407766990291263,0.021237864077669904,B-ZS,False,False,0.5142178029287132
0.99,0.8281079957016555,,,,,,,0.01,avenue_to_ped2,total represented test-video duration,143.28358250382377,,,0.5142178029287132,0.5867928960577538,B3_video_balanced_q99,0.5142178029287132,"{""ped2_camera_01"": 0.5142178029287132}","{""ped2_camera_01"": 1.0}","{""train_13"": 248.15468936319712, ""train_14"": 203.44310947814847, ""train_15"": 481.89296468072916, ""train_16"": 584.3872462242284}","{""test001"": 0.3433333333333333, ""test002"": 0.6237011380504701, ""test003"": 0.7654109589041096, ""test004"": 0.8215555555555556, ""test005"": 0.5795496493170912, ""test006"": 0.6510931416591794, ""test007"": 0.4024691358024691, ""test012"": 0.5072302558398221}",7.990189237871009,6.603353498397751,0.0,analysis/track_b/scores/avenue_to_ped2/prototype_seed13_b3_video_balanced_q99.npz,prototype,13,,390.8155127177734,478.87169361195424,2965.6458178728444,3122.6899037105936,3162.159073296154,365.02382702196314,1.0,1.0,0.0036407766990291263,0.021237864077669904,B-ZS,False,False,0.5142178029287132
0.99,0.7740659109405613,,,,8,"{""train_13"": 0.0, ""train_14"": 0.0, ""train_15"": 0.036827195467422094, ""train_16"": 0.004098360655737705}",0.013182208702921095,0.01,avenue_to_ped2,total represented test-video duration,143.28358250382377,,,0.3958104248243309,0.3990632282224179,B4_conditional_location,0.3958104248243309,"{""ped2_camera_01"": 0.3958104248243309}","{""ped2_camera_01"": 1.0}",,"{""test001"": 0.18541666666666667, ""test002"": 0.3896585848589807, ""test003"": 0.5907534246575342, ""test004"": 0.836, ""test005"": 0.23846437799926173, ""test006"": 0.6873315363881402, ""test007"": 0.019917695473251028, ""test012"": 0.24496353973550858}",5.440903218348706,4.029449323656583,0.0,analysis/track_b/scores/avenue_to_ped2/prototype_seed13_b4_conditional_location.npz,prototype,13,0.001,1.3757036503516766,1.9113215587794297,6.7686401085253305,7.4850704186925,7.7015733623140195,1.9120506798858865,1.0,1.0,0.0006067961165048543,0.003033980582524272,B-ZS,False,False,0.3958104248243309
0.01,0.8281079957016555,1,120,"[""train001""]",,,,0.01,avenue_to_ped2,total represented test-video duration,0.0,,,0.5142178029287132,0.5867928960577538,CAL_quantile_q99,0.5142178029287132,"{""ped2_camera_01"": 0.5142178029287132}","{""ped2_camera_01"": 0.0006067961165048543}",,"{""test001"": 0.3433333333333333, ""test002"": 0.6237011380504701, ""test003"": 0.7654109589041096, ""test004"": 0.8215555555555556, ""test005"": 0.5795496493170912, ""test006"": 0.6510931416591794, ""test007"": 0.4024691358024691, ""test012"": 0.5072302558398221}",7.990189237871009,6.603353498397751,0.0,analysis/track_b/scores/avenue_to_ped2/prototype_seed13_cal_quantile_q99_budget1.npz,prototype,13,,390.8155127177734,478.87169361195424,2965.6458178728444,3122.6899037105936,3162.159073296154,3260.5341139697443,0.0,0.0006067961165048543,0.0036407766990291263,0.021237864077669904,B-CAL,False,True,0.5142178029287132
0.007237569060773481,0.8281079957016555,1,120,"[""train001""]",,,,0.01,avenue_to_ped2,total represented test-video duration,17.91044781297797,,,0.5142178029287132,0.5867928960577538,CAL_mean_std,0.5142178029287132,"{""ped2_camera_01"": 0.5142178029287132}","{""ped2_camera_01"": 0.00424757281553398}",,"{""test001"": 0.3433333333333333, ""test002"": 0.6237011380504701, ""test003"": 0.7654109589041096, ""test004"": 0.8215555555555556, ""test005"": 0.5795496493170912, ""test006"": 0.6510931416591794, ""test007"": 0.4024691358024691, ""test012"": 0.5072302558398221}",1.0195024044314362,0.9094926640724149,0.0,analysis/track_b/scores/avenue_to_ped2/prototype_seed13_cal_mean_std_budget1.npz,prototype,13,,390.8155127177734,478.87169361195424,250.8480715039501,398.43735490487455,435.5302923720055,481.89296468072916,0.0027624309392265192,0.00424757281553398,0.0036407766990291263,0.021237864077669904,B-CAL,False,True,0.5142178029287132
0.0017127071823204425,0.8281079957016555,1,120,"[""train001""]",,,,0.01,avenue_to_ped2,total represented test-video duration,53.73134343893391,,,0.5142178029287132,0.5867928960577538,CAL_median_mad,0.5142178029287132,"{""ped2_camera_01"": 0.5142178029287132}","{""ped2_camera_01"": 0.016383495145631068}",,"{""test001"": 0.3433333333333333, ""test002"": 0.6237011380504701, ""test003"": 0.7654109589041096, ""test004"": 0.8215555555555556, ""test005"": 0.5795496493170912, ""test006"": 0.6510931416591794, ""test007"": 0.4024691358024691, ""test012"": 0.5072302558398221}",1.0573780849135248,0.957104670609745,0.0,analysis/track_b/scores/avenue_to_ped2/prototype_seed13_cal_median_mad_budget1.npz,prototype,13,,390.8155127177734,478.87169361195424,233.8286283503671,413.23975839201654,458.3303345788002,481.89296468072916,0.008287292817679558,0.016383495145631068,0.0036407766990291263,0.021237864077669904,B-CAL,False,True,0.5142178029287132
0.01,0.8269573639936478,1,120,"[""train001""]",,,,0.01,avenue_to_ped2,total represented test-video duration,0.0,,,0.5137543246795043,0.5890026019849454,CAL_empirical_cdf,0.5137543246795043,"{""ped2_camera_01"": 0.5137543246795043}","{""ped2_camera_01"": 0.0006067961165048543}",,"{""test001"": 0.34597222222222224, ""test002"": 0.622897080653142, ""test003"": 0.7679794520547946, ""test004"": 0.8195555555555556, ""test005"": 0.5967146548541897, ""test006"": 0.648397723869422, ""test007"": 0.4012345679012346, ""test012"": 0.5092695587690026}",0.9237451941066457,0.8289541706352423,0.0,analysis/track_b/scores/avenue_to_ped2/prototype_seed13_cal_empirical_cdf_budget1.npz,prototype,13,,390.8155127177734,478.87169361195424,295.9113202903905,361.01395165536786,396.9626876187914,481.89296468072916,0.0,0.0006067961165048543,0.0006067961165048543,0.012135922330097087,B-CAL,False,True,0.5137543246795043
0.007237569060773481,0.8281079957016555,2,270,"[""train001"", ""train002""]",,,,0.01,avenue_to_ped2,total represented test-video duration,17.91044781297797,,,0.5142178029287132,0.5867928960577538,CAL_quantile_q99,0.5142178029287132,"{""ped2_camera_01"": 0.5142178029287132}","{""ped2_camera_01"": 0.00424757281553398}",,"{""test001"": 0.3433333333333333, ""test002"": 0.6237011380504701, ""test003"": 0.7654109589041096, ""test004"": 0.8215555555555556, ""test005"": 0.5795496493170912, ""test006"": 0.6510931416591794, ""test007"": 0.4024691358024691, ""test012"": 0.5072302558398221}",7.990189237871009,6.603353498397751,0.0,analysis/track_b/scores/avenue_to_ped2/prototype_seed13_cal_quantile_q99_budget2.npz,prototype,13,,390.8155127177734,478.87169361195424,2965.6458178728444,3122.6899037105936,3162.159073296154,3218.071369904932,0.0027624309392265192,0.00424757281553398,0.0036407766990291263,0.021237864077669904,B-CAL,False,True,0.5142178029287132
0.0017127071823204425,0.8281079957016555,2,270,"[""train001"", ""train002""]",,,,0.01,avenue_to_ped2,total represented test-video duration,53.73134343893391,,,0.5142178029287132,0.5867928960577538,CAL_mean_std,0.5142178029287132,"{""ped2_camera_01"": 0.5142178029287132}","{""ped2_camera_01"": 0.021237864077669904}",,"{""test001"": 0.3433333333333333, ""test002"": 0.6237011380504701, ""test003"": 0.7654109589041096, ""test004"": 0.8215555555555556, ""test005"": 0.5795496493170912, ""test006"": 0.6510931416591794, ""test007"": 0.4024691358024691, ""test012"": 0.5072302558398221}",1.0967930007798214,0.9867691912285215,0.0,analysis/track_b/scores/avenue_to_ped2/prototype_seed13_cal_mean_std_budget2.npz,prototype,13,,390.8155127177734,478.87169361195424,254.0011529505539,428.64371894503114,472.53583380770044,481.89296468072916,0.008287292817679558,0.021237864077669904,0.0036407766990291263,0.021237864077669904,B-CAL,False,True,0.5142178029287132
0.01,0.8281079957016555,2,270,"[""train001"", ""train002""]",,,,0.01,avenue_to_ped2,total represented test-video duration,0.0,,,0.5142178029287132,0.5867928960577538,CAL_median_mad,0.5142178029287132,"{""ped2_camera_01"": 0.5142178029287132}","{""ped2_camera_01"": 0.0036407766990291263}",,"{""test001"": 0.3433333333333333, ""test002"": 0.6237011380504701, ""test003"": 0.7654109589041096, ""test004"": 0.8215555555555556, ""test005"": 0.5795496493170912, ""test006"": 0.6510931416591794, ""test007"": 0.4024691358024691, ""test012"": 0.5072302558398221}",0.9638379282363778,0.8746796403461845,0.0,analysis/track_b/scores/avenue_to_ped2/prototype_seed13_cal_median_mad_budget2.npz,prototype,13,,390.8155127177734,478.87169361195424,208.86649066003076,376.68281410053646,418.8593207404724,481.89296468072916,0.0,0.0036407766990291263,0.0036407766990291263,0.021237864077669904,B-CAL,False,True,0.5142178029287132
0.01,0.8273305474013194,2,270,"[""train001"", ""train002""]",,,,0.01,avenue_to_ped2,total represented test-video duration,0.0,,,0.5141901450946736,0.5872484279284895,CAL_empirical_cdf,0.5141901450946736,"{""ped2_camera_01"": 0.5141901450946736}","{""ped2_camera_01"": 0.0006067961165048543}",,"{""test001"": 0.3429861111111111, ""test002"": 0.6238866897575458, ""test003"": 0.7662671232876712, ""test004"": 0.8214444444444444, ""test005"": 0.5819490586932448, ""test006"": 0.6506439053608865, ""test007"": 0.4039506172839506, ""test012"": 0.5068594734890619}",1.065131314058986,0.9318423309550947,0.0,analysis/track_b/scores/avenue_to_ped2/prototype_seed13_cal_empirical_cdf_budget2.npz,prototype,13,,390.8155127177734,478.87169361195424,286.00500168835555,416.26984061571835,446.2329152037774,481.89296468072916,0.0,0.0006067961165048543,0.0006067961165048543,0.012135922330097087,B-CAL,False,True,0.5141901450946736
0.007237569060773481,0.8281079957016555,4,600,"[""train001"", ""train002"", ""train003"", ""train004""]",,,,0.01,avenue_to_ped2,total represented test-video duration,17.91044781297797,,,0.5142178029287132,0.5867928960577538,CAL_quantile_q99,0.5142178029287132,"{""ped2_camera_01"": 0.5142178029287132}","{""ped2_camera_01"": 0.00424757281553398}",,"{""test001"": 0.3433333333333333, ""test002"": 0.6237011380504701, ""test003"": 0.7654109589041096, ""test004"": 0.8215555555555556, ""test005"": 0.5795496493170912, ""test006"": 0.6510931416591794, ""test007"": 0.4024691358024691, ""test012"": 0.5072302558398221}",7.990189237871009,6.603353498397751,0.0,analysis/track_b/scores/avenue_to_ped2/prototype_seed13_cal_quantile_q99_budget4.npz,prototype,13,,390.8155127177734,478.87169361195424,2965.6458178728444,3122.6899037105936,3162.159073296154,3218.071369904932,0.0027624309392265192,0.00424757281553398,0.0036407766990291263,0.021237864077669904,B-CAL,False,True,0.5142178029287132
0.01,0.8281079957016555,4,600,"[""train001"", ""train002"", ""train003"", ""train004""]",,,,0.01,avenue_to_ped2,total represented test-video duration,0.0,,,0.5142178029287132,0.5867928960577538,CAL_mean_std,0.5142178029287132,"{""ped2_camera_01"": 0.5142178029287132}","{""ped2_camera_01"": 0.0036407766990291263}",,"{""test001"": 0.3433333333333333, ""test002"": 0.6237011380504701, ""test003"": 0.7654109589041096, ""test004"": 0.8215555555555556, ""test005"": 0.5795496493170912, ""test006"": 0.6510931416591794, ""test007"": 0.4024691358024691, ""test012"": 0.5072302558398221}",0.9901571531807122,0.8878987886787225,0.0,analysis/track_b/scores/avenue_to_ped2/prototype_seed13_cal_mean_std_budget4.npz,prototype,13,,390.8155127177734,478.87169361195424,234.89174959491896,386.96877549149093,425.1895966905825,481.89296468072916,0.0,0.0036407766990291263,0.0036407766990291263,0.021237864077669904,B-CAL,False,True,0.5142178029287132
0.01,0.8281079957016555,4,600,"[""train001"", ""train002"", ""train003"", ""train004""]",,,,0.01,avenue_to_ped2,total represented test-video duration,0.0,,,0.5142178029287132,0.5867928960577538,CAL_median_mad,0.5142178029287132,"{""ped2_camera_01"": 0.5142178029287132}","{""ped2_camera_01"": 0.0}",,"{""test001"": 0.3433333333333333, ""test002"": 0.6237011380504701, ""test003"": 0.7654109589041096, ""test004"": 0.8215555555555556, ""test005"": 0.5795496493170912, ""test006"": 0.6510931416591794, ""test007"": 0.4024691358024691, ""test012"": 0.5072302558398221}",0.873777276359686,0.7874913895323343,0.0,analysis/track_b/scores/avenue_to_ped2/prototype_seed13_cal_median_mad_budget4.npz,prototype,13,,390.8155127177734,478.87169361195424,199.75065907629474,341.4857142616503,377.1073354101801,481.89296468072916,0.0,0.0,0.0036407766990291263,0.021237864077669904,B-CAL,False,True,0.5142178029287132
0.01,0.8279131203318256,4,600,"[""train001"", ""train002"", ""train003"", ""train004""]",,,,0.01,avenue_to_ped2,total represented test-video duration,0.0,,,0.5143301104972375,0.587051604281974,CAL_empirical_cdf,0.5143301104972375,"{""ped2_camera_01"": 0.5143301104972375}","{""ped2_camera_01"": 0.0018203883495145632}",,"{""test001"": 0.34368055555555554, ""test002"": 0.6243814943097477, ""test003"": 0.7654109589041096, ""test004"": 0.8217777777777778, ""test005"": 0.5789959394610558, ""test006"": 0.6509433962264151, ""test007"": 0.4033744855967078, ""test012"": 0.5078482264244222}",0.9527902635940501,0.8764128103875638,0.0,analysis/track_b/scores/avenue_to_ped2/prototype_seed13_cal_empirical_cdf_budget4.npz,prototype,13,,390.8155127177734,478.87169361195424,260.85262057990167,372.36521537901115,419.6892868135052,481.89296468072916,0.0,0.0018203883495145632,0.0018203883495145632,0.021237864077669904,B-CAL,False,True,0.5143301104972375
0.99,0.8614457937253117,,,,,,,0.01,avenue_to_ped2,total represented test-video duration,143.28358250382377,,,0.5727116075738883,0.664706032740759,B0_pooled_q99,0.5727116075738883,"{""ped2_camera_01"": 0.5727116075738883}","{""ped2_camera_01"": 1.0}",,"{""test001"": 0.48875, ""test002"": 0.7008906481939634, ""test003"": 0.9212328767123288, ""test004"": 0.7364444444444445, ""test005"": 0.7235142118863049, ""test006"": 0.7523210542078467, ""test007"": 0.4674897119341564, ""test012"": 0.5270053145470276}",8.264814369036841,6.823541764519048,0.0,analysis/track_b/scores/avenue_to_ped2/prototype_seed29_b0_pooled_q99.npz,prototype,29,,385.707977160541,472.44393492245985,3066.2233814224237,3187.804831888573,3223.740921337124,473.4616660011311,1.0,1.0,0.018810679611650484,0.05157766990291262,B-ZS,False,False,0.5727116075738883
0.99,0.8614457937253117,,,,,,,0.01,avenue_to_ped2,total represented test-video duration,143.28358250382377,,,0.5727116075738883,0.664706032740759,B1_source_mean_std,0.5727116075738883,"{""ped2_camera_01"": 0.5727116075738883}","{""ped2_camera_01"": 1.0}",,"{""test001"": 0.48875, ""test002"": 0.7008906481939634, ""test003"": 0.9212328767123288, ""test004"": 0.7364444444444445, ""test005"": 0.7235142118863049, ""test006"": 0.7523210542078467, ""test007"": 0.4674897119341564, ""test012"": 0.5270053145470276}",15.729046960790237,10.933237656807412,0.0,analysis/track_b/scores/avenue_to_ped2/prototype_seed29_b1_source_mean_std.npz,prototype,29,,1.7154673270304286,2.4975868622189026,25.886336204750993,26.982666146562913,27.30671073315917,2.5067639945033253,1.0,1.0,0.018810679611650484,0.05157766990291262,B-ZS,False,False,0.5727116075738883
0.99,0.8614457937253117,,,,,,,0.01,avenue_to_ped2,total represented test-video duration,143.28358250382377,,,0.5727116075738883,0.664706032740759,B2_source_median_mad,0.5727116075738883,"{""ped2_camera_01"": 0.5727116075738883}","{""ped2_camera_01"": 1.0}",,"{""test001"": 0.48875, ""test002"": 0.7008906481939634, ""test003"": 0.9212328767123288, ""test004"": 0.7364444444444445, ""test005"": 0.7235142118863049, ""test006"": 0.7523210542078467, ""test007"": 0.4674897119341564, ""test012"": 0.5270053145470276}",12.9118171888314,9.545125535743878,0.0,analysis/track_b/scores/avenue_to_ped2/prototype_seed29_b2_source_median_mad.npz,prototype,29,,2.300053949615525,3.148124687317845,28.509099597727094,29.697876121885287,30.049245342623276,3.158075669228259,1.0,1.0,0.018810679611650484,0.05157766990291262,B-ZS,False,False,0.5727116075738883
0.99,0.8614457937253117,,,,,,,0.01,avenue_to_ped2,total represented test-video duration,143.28358250382377,,,0.5727116075738883,0.664706032740759,B3_video_balanced_q99,0.5727116075738883,"{""ped2_camera_01"": 0.5727116075738883}","{""ped2_camera_01"": 1.0}","{""train_13"": 247.4124575051951, ""train_14"": 219.45441607055727, ""train_15"": 473.4616660011311, ""train_16"": 584.3872462242284}","{""test001"": 0.48875, ""test002"": 0.7008906481939634, ""test003"": 0.9212328767123288, ""test004"": 0.7364444444444445, ""test005"": 0.7235142118863049, ""test006"": 0.7523210542078467, ""test007"": 0.4674897119341564, ""test012"": 0.5270053145470276}",8.264814369036841,6.823541764519048,0.0,analysis/track_b/scores/avenue_to_ped2/prototype_seed29_b3_video_balanced_q99.npz,prototype,29,,385.707977160541,472.44393492245985,3066.2233814224237,3187.804831888573,3223.740921337124,360.4370617531631,1.0,1.0,0.018810679611650484,0.05157766990291262,B-ZS,False,False,0.5727116075738883
0.99,0.7775728822326151,,,,8,"{""train_13"": 0.0, ""train_14"": 0.00392156862745098, ""train_15"": 0.031161473087818695, ""train_16"": 0.004098360655737705}",0.010785385951157503,0.01,avenue_to_ped2,total represented test-video duration,143.28358250382377,,,0.4041128037333047,0.40839418962248364,B4_conditional_location,0.4041128037333047,"{""ped2_camera_01"": 0.4041128037333047}","{""ped2_camera_01"": 1.0}",,"{""test001"": 0.22166666666666668, ""test002"": 0.39943097476496786, ""test003"": 0.6541095890410958, ""test004"": 0.758, ""test005"": 0.2709486895533407, ""test006"": 0.7148846960167715, ""test007"": 0.0205761316872428, ""test012"": 0.22753676924978372}",5.82703867753182,4.173836842757277,0.0,analysis/track_b/scores/avenue_to_ped2/prototype_seed29_b4_conditional_location.npz,prototype,29,0.001,1.445018380066253,2.0745661107049895,7.728087396872102,8.420177990390432,8.658900465596156,2.0965230855885757,1.0,1.0,0.0012135922330097086,0.0036407766990291263,B-ZS,False,False,0.4041128037333047
0.01,0.8614457937253117,1,120,"[""train001""]",,,,0.01,avenue_to_ped2,total represented test-video duration,0.0,,,0.5727116075738883,0.664706032740759,CAL_quantile_q99,0.5727116075738883,"{""ped2_camera_01"": 0.5727116075738883}","{""ped2_camera_01"": 0.013349514563106795}",,"{""test001"": 0.48875, ""test002"": 0.7008906481939634, ""test003"": 0.9212328767123288, ""test004"": 0.7364444444444445, ""test005"": 0.7235142118863049, ""test006"": 0.7523210542078467, ""test007"": 0.4674897119341564, ""test012"": 0.5270053145470276}",8.264814369036841,6.823541764519048,0.0,analysis/track_b/scores/avenue_to_ped2/prototype_seed29_cal_quantile_q99_budget1.npz,prototype,29,,385.707977160541,472.44393492245985,3066.2233814224237,3187.804831888573,3223.740921337124,3294.4455456620262,0.0,0.013349514563106795,0.018810679611650484,0.05157766990291262,B-CAL,False,True,0.5727116075738883
0.004475138121546962,0.8614457937253117,1,120,"[""train001""]",,,,0.01,avenue_to_ped2,total represented test-video duration,35.82089562595594,,,0.5727116075738883,0.664706032740759,CAL_mean_std,0.5727116075738883,"{""ped2_camera_01"": 0.5727116075738883}","{""ped2_camera_01"": 0.035800970873786406}",,"{""test001"": 0.48875, ""test002"": 0.7008906481939634, ""test003"": 0.9212328767123288, ""test004"": 0.7364444444444445, ""test005"": 0.7235142118863049, ""test006"": 0.7523210542078467, ""test007"": 0.4674897119341564, ""test012"": 0.5270053145470276}",1.0707425654958167,0.9492093770042747,0.0,analysis/track_b/scores/avenue_to_ped2/prototype_seed29_cal_mean_std_budget1.npz,prototype,29,,385.707977160541,472.44393492245985,293.0426430672343,412.9939489970796,448.4482131371962,473.4616660011311,0.0055248618784530384,0.035800970873786406,0.018810679611650484,0.05157766990291262,B-CAL,False,True,0.5727116075738883
0.0010497237569060767,0.8614457937253117,1,120,"[""train001""]",,,,0.01,avenue_to_ped2,total represented test-video duration,71.64179125191188,,,0.5727116075738883,0.664706032740759,CAL_median_mad,0.5727116075738883,"{""ped2_camera_01"": 0.5727116075738883}","{""ped2_camera_01"": 0.05339805825242718}",,"{""test001"": 0.48875, ""test002"": 0.7008906481939634, ""test003"": 0.9212328767123288, ""test004"": 0.7364444444444445, ""test005"": 0.7235142118863049, ""test006"": 0.7523210542078467, ""test007"": 0.4674897119341564, ""test012"": 0.5270053145470276}",1.1093899721972338,0.9923264976370479,0.0,analysis/track_b/scores/avenue_to_ped2/prototype_seed29_cal_median_mad_budget1.npz,prototype,29,,385.707977160541,472.44393492245985,289.4637213261832,427.90056205838385,468.81863527147,473.4616660011311,0.011049723756906077,0.05339805825242718,0.018810679611650484,0.05157766990291262,B-CAL,False,True,0.5727116075738883
0.01,0.8595163774526743,1,120,"[""train001""]",,,,0.01,avenue_to_ped2,total represented test-video duration,0.0,,,0.5724677157646302,0.6633574395338947,CAL_empirical_cdf,0.5724677157646302,"{""ped2_camera_01"": 0.5724677157646302}","{""ped2_camera_01"": 0.009708737864077669}",,"{""test001"": 0.48465277777777777, ""test002"": 0.7021895101434933, ""test003"": 0.9220890410958904, ""test004"": 0.7343333333333333, ""test005"": 0.719453672942045, ""test006"": 0.7512728361784966, ""test007"": 0.4669135802469136, ""test012"": 0.5259547645532072}",0.9685783094237177,0.8562457273498476,0.0,analysis/track_b/scores/avenue_to_ped2/prototype_seed29_cal_empirical_cdf_budget1.npz,prototype,29,,385.707977160541,472.44393492245985,315.673806633259,373.58838044939876,404.5281006897057,473.4616660011311,0.0,0.009708737864077669,0.013349514563106795,0.03337378640776699,B-CAL,False,True,0.5724677157646302
0.004475138121546962,0.8614457937253117,2,270,"[""train001"", ""train002""]",,,,0.01,avenue_to_ped2,total represented test-video duration,35.82089562595594,,,0.5727116075738883,0.664706032740759,CAL_quantile_q99,0.5727116075738883,"{""ped2_camera_01"": 0.5727116075738883}","{""ped2_camera_01"": 0.03337378640776699}",,"{""test001"": 0.48875, ""test002"": 0.7008906481939634, ""test003"": 0.9212328767123288, ""test004"": 0.7364444444444445, ""test005"": 0.7235142118863049, ""test006"": 0.7523210542078467, ""test007"": 0.4674897119341564, ""test012"": 0.5270053145470276}",8.264814369036841,6.823541764519048,0.0,analysis/track_b/scores/avenue_to_ped2/prototype_seed29_cal_quantile_q99_budget2.npz,prototype,29,,385.707977160541,472.44393492245985,3066.2233814224237,3187.804831888573,3223.740921337124,3251.5651918419035,0.0055248618784530384,0.03337378640776699,0.018810679611650484,0.05157766990291262,B-CAL,False,True,0.5727116075738883
0.0010497237569060767,0.8614457937253117,2,270,"[""train001"", ""train002""]",,,,0.01,avenue_to_ped2,total represented test-video duration,71.64179125191188,,,0.5727116075738883,0.664706032740759,CAL_mean_std,0.5727116075738883,"{""ped2_camera_01"": 0.5727116075738883}","{""ped2_camera_01"": 0.05643203883495146}",,"{""test001"": 0.48875, ""test002"": 0.7008906481939634, ""test003"": 0.9212328767123288, ""test004"": 0.7364444444444445, ""test005"": 0.7235142118863049, ""test006"": 0.7523210542078467, ""test007"": 0.4674897119341564, ""test012"": 0.5270053145470276}",1.119632086546264,1.0034510985995542,0.0,analysis/track_b/scores/avenue_to_ped2/prototype_seed29_cal_mean_std_budget2.npz,prototype,29,,385.707977160541,472.44393492245985,288.9980563544287,431.8510272657952,474.07438552463856,473.4616660011311,0.011049723756906077,0.05643203883495146,0.018810679611650484,0.05157766990291262,B-CAL,False,True,0.5727116075738883
0.007237569060773481,0.8614457937253117,2,270,"[""train001"", ""train002""]",,,,0.01,avenue_to_ped2,total represented test-video duration,17.91044781297797,,,0.5727116075738883,0.664706032740759,CAL_median_mad,0.5727116075738883,"{""ped2_camera_01"": 0.5727116075738883}","{""ped2_camera_01"": 0.02487864077669903}",,"{""test001"": 0.48875, ""test002"": 0.7008906481939634, ""test003"": 0.9212328767123288, ""test004"": 0.7364444444444445, ""test005"": 0.7235142118863049, ""test006"": 0.7523210542078467, ""test007"": 0.4674897119341564, ""test012"": 0.5270053145470276}",0.9926668452796396,0.898251825404221,0.0,analysis/track_b/scores/avenue_to_ped2/prototype_seed29_cal_median_mad_budget2.npz,prototype,29,,385.707977160541,472.44393492245985,242.4938061987494,382.87952088714553,424.37362694525257,473.4616660011311,0.0027624309392265192,0.02487864077669903,0.018810679611650484,0.05157766990291262,B-CAL,False,True,0.5727116075738883
0.01,0.8599721015590803,2,270,"[""train001"", ""train002""]",,,,0.01,avenue_to_ped2,total represented test-video duration,0.0,,,0.5727032264120582,0.6641351595544946,CAL_empirical_cdf,0.5727032264120582,"{""ped2_camera_01"": 0.5727032264120582}","{""ped2_camera_01"": 0.013349514563106795}",,"{""test001"": 0.4842361111111111, ""test002"": 0.7011380504700643, ""test003"": 0.9220890410958904, ""test004"": 0.7364444444444445, ""test005"": 0.7235142118863049, ""test006"": 0.7527702905061395, ""test007"": 0.46674897119341563, ""test012"": 0.5261401557285873}",1.1121278137739907,0.9562035469759238,0.0,analysis/track_b/scores/avenue_to_ped2/prototype_seed29_cal_empirical_cdf_budget2.npz,prototype,29,,385.707977160541,472.44393492245985,313.8524587424502,428.9565693947408,451.7525663201186,473.4616660011311,0.0,0.013349514563106795,0.013349514563106795,0.03337378640776699,B-CAL,False,True,0.5727032264120582
0.01,0.8614457937253117,4,600,"[""train001"", ""train002"", ""train003"", ""train004""]",,,,0.01,avenue_to_ped2,total represented test-video duration,0.0,,,0.5727116075738883,0.664706032740759,CAL_quantile_q99,0.5727116075738883,"{""ped2_camera_01"": 0.5727116075738883}","{""ped2_camera_01"": 0.017597087378640776}",,"{""test001"": 0.48875, ""test002"": 0.7008906481939634, ""test003"": 0.9212328767123288, ""test004"": 0.7364444444444445, ""test005"": 0.7235142118863049, ""test006"": 0.7523210542078467, ""test007"": 0.4674897119341564, ""test012"": 0.5270053145470276}",8.264814369036841,6.823541764519048,0.0,analysis/track_b/scores/avenue_to_ped2/prototype_seed29_cal_quantile_q99_budget4.npz,prototype,29,,385.707977160541,472.44393492245985,3066.2233814224237,3187.804831888573,3223.740921337124,3276.515064385292,0.0,0.017597087378640776,0.018810679611650484,0.05157766990291262,B-CAL,False,True,0.5727116075738883
0.01,0.8614457937253117,4,600,"[""train001"", ""train002"", ""train003"", ""train004""]",,,,0.01,avenue_to_ped2,total represented test-video duration,0.0,,,0.5727116075738883,0.664706032740759,CAL_mean_std,0.5727116075738883,"{""ped2_camera_01"": 0.5727116075738883}","{""ped2_camera_01"": 0.017597087378640776}",,"{""test001"": 0.48875, ""test002"": 0.7008906481939634, ""test003"": 0.9212328767123288, ""test004"": 0.7364444444444445, ""test005"": 0.7235142118863049, ""test006"": 0.7523210542078467, ""test007"": 0.4674897119341564, ""test012"": 0.5270053145470276}",0.9915166221617747,0.8870006782532533,0.0,analysis/track_b/scores/avenue_to_ped2/prototype_seed29_cal_mean_std_budget4.npz,prototype,29,,385.707977160541,472.44393492245985,258.5330559013669,382.4358706550706,419.0580907128578,473.4616660011311,0.0,0.017597087378640776,0.018810679611650484,0.05157766990291262,B-CAL,False,True,0.5727116075738883
0.01,0.8614457937253117,4,600,"[""train001"", ""train002"", ""train003"", ""train004""]",,,,0.01,avenue_to_ped2,total represented test-video duration,0.0,,,0.5727116075738883,0.664706032740759,CAL_median_mad,0.5727116075738883,"{""ped2_camera_01"": 0.5727116075738883}","{""ped2_camera_01"": 0.006674757281553398}",,"{""test001"": 0.48875, ""test002"": 0.7008906481939634, ""test003"": 0.9212328767123288, ""test004"": 0.7364444444444445, ""test005"": 0.7235142118863049, ""test006"": 0.7523210542078467, ""test007"": 0.4674897119341564, ""test012"": 0.5270053145470276}",0.8680429587400719,0.7801791208892799,0.0,analysis/track_b/scores/avenue_to_ped2/prototype_seed29_cal_median_mad_budget4.npz,prototype,29,,385.707977160541,472.44393492245985,220.5249496844756,334.8110937040841,368.5908938172769,473.4616660011311,0.0,0.006674757281553398,0.018810679611650484,0.05157766990291262,B-CAL,False,True,0.5727116075738883
0.01,0.8611193531791315,4,600,"[""train001"", ""train002"", ""train003"", ""train004""]",,,,0.01,avenue_to_ped2,total represented test-video duration,0.0,,,0.5727258555489996,0.6648380101845968,CAL_empirical_cdf,0.5727258555489996,"{""ped2_camera_01"": 0.5727258555489996}","{""ped2_camera_01"": 0.013349514563106795}",,"{""test001"": 0.48854166666666665, ""test002"": 0.7012617516081148, ""test003"": 0.9212328767123288, ""test004"": 0.7362222222222222, ""test005"": 0.7249907715023994, ""test006"": 0.7520215633423181, ""test007"": 0.4674897119341564, ""test012"": 0.5269435174885675}",0.9616714538141343,0.8722766275520437,0.0,analysis/track_b/scores/avenue_to_ped2/prototype_seed29_cal_empirical_cdf_budget4.npz,prototype,29,,385.707977160541,472.44393492245985,284.00738557379094,370.9243511436864,412.1018022615805,473.4616660011311,0.0,0.013349514563106795,0.017597087378640776,0.050970873786407765,B-CAL,False,True,0.5727258555489996
0.99,0.8295210799838352,,,,,,,0.01,avenue_to_ped2,total represented test-video duration,143.28358250382377,,,0.5190855817196803,0.5836251610863152,B0_pooled_q99,0.5190855817196803,"{""ped2_camera_01"": 0.5190855817196803}","{""ped2_camera_01"": 1.0}",,"{""test001"": 0.34069444444444447, ""test002"": 0.632360217714003, ""test003"": 0.7551369863013698, ""test004"": 0.83, ""test005"": 0.5758582502768549, ""test006"": 0.6430068882899072, ""test007"": 0.4011522633744856, ""test012"": 0.4907922382894574}",8.002445846878,6.618936960255522,0.0,analysis/track_b/scores/avenue_to_ped2/prototype_seed43_b0_pooled_q99.npz,prototype,43,,391.09831323799256,478.87169361195424,2972.2438083844118,3129.7430724923647,3169.621552068322,481.89296468072916,1.0,1.0,0.00424757281553398,0.02063106796116505,B-ZS,False,False,0.5190855817196803
0.99,0.8295210799838352,,,,,,,0.01,avenue_to_ped2,total represented test-video duration,143.28358250382377,,,0.5190855817196803,0.5836251610863152,B1_source_mean_std,0.5190855817196803,"{""ped2_camera_01"": 0.5190855817196803}","{""ped2_camera_01"": 1.0}",,"{""test001"": 0.34069444444444447, ""test002"": 0.632360217714003, ""test003"": 0.7551369863013698, ""test004"": 0.83, ""test005"": 0.5758582502768549, ""test006"": 0.6430068882899072, ""test007"": 0.4011522633744856, ""test012"": 0.4907922382894574}",15.218061488075517,10.59643079987169,0.0,analysis/track_b/scores/avenue_to_ped2/prototype_seed43_b1_source_mean_std.npz,prototype,43,,1.7316460670421587,2.5207362521568704,24.936364489591405,26.35229632383171,26.710807260708194,2.5478977370715903,1.0,1.0,0.00424757281553398,0.02063106796116505,B-ZS,False,False,0.5190855817196803
0.99,0.8295210799838352,,,,,,,0.01,avenue_to_ped2,total represented test-video duration,143.28358250382377,,,0.5190855817196803,0.5836251610863152,B2_source_median_mad,0.5190855817196803,"{""ped2_camera_01"": 0.5190855817196803}","{""ped2_camera_01"": 1.0}",,"{""test001"": 0.34069444444444447, ""test002"": 0.632360217714003, ""test003"": 0.7551369863013698, ""test004"": 0.83, ""test005"": 0.5758582502768549, ""test006"": 0.6430068882899072, ""test007"": 0.4011522633744856, ""test012"": 0.4907922382894574}",12.479988038338004,9.245448482656501,0.0,analysis/track_b/scores/avenue_to_ped2/prototype_seed43_b2_source_median_mad.npz,prototype,43,,2.301628303394445,3.148472952405534,27.204728099380617,28.72429369506287,29.109044480502778,3.177622419213161,1.0,1.0,0.00424757281553398,0.02063106796116505,B-ZS,False,False,0.5190855817196803
0.99,0.8295210799838352,,,,,,,0.01,avenue_to_ped2,total represented test-video duration,143.28358250382377,,,0.5190855817196803,0.5836251610863152,B3_video_balanced_q99,0.5190855817196803,"{""ped2_camera_01"": 0.5190855817196803}","{""ped2_camera_01"": 1.0}","{""train_13"": 249.54191460224956, ""train_14"": 225.86613933937588, ""train_15"": 481.89296468072916, ""train_16"": 584.3872462242284}","{""test001"": 0.34069444444444447, ""test002"": 0.632360217714003, ""test003"": 0.7551369863013698, ""test004"": 0.83, ""test005"": 0.5758582502768549, ""test006"": 0.6430068882899072, ""test007"": 0.4011522633744856, ""test012"": 0.4907922382894574}",8.002445846878,6.618936960255522,0.0,analysis/track_b/scores/avenue_to_ped2/prototype_seed43_b3_video_balanced_q99.npz,prototype,43,,391.09831323799256,478.87169361195424,2972.2438083844118,3129.7430724923647,3169.621552068322,365.71743964148936,1.0,1.0,0.00424757281553398,0.02063106796116505,B-ZS,False,False,0.5190855817196803
0.99,0.771396136051344,,,,8,"{""train_13"": 0.0, ""train_14"": 0.0, ""train_15"": 0.036827195467422094, ""train_16"": 0.004098360655737705}",0.013182208702921095,0.01,avenue_to_ped2,total represented test-video duration,143.28358250382377,,,0.39753862039371346,0.393303795921791,B4_conditional_location,0.39753862039371346,"{""ped2_camera_01"": 0.39753862039371346}","{""ped2_camera_01"": 1.0}",,"{""test001"": 0.17055555555555554, ""test002"": 0.4023998020781791, ""test003"": 0.6095890410958904, ""test004"": 0.8051111111111111, ""test005"": 0.22702104097452935, ""test006"": 0.6678646301287811, ""test007"": 0.02288065843621399, ""test012"": 0.2410085279940675}",5.096564351462588,3.4349492353689315,0.0,analysis/track_b/scores/avenue_to_ped2/prototype_seed43_b4_conditional_location.npz,prototype,43,0.001,1.4883639110880886,2.2610955093520393,6.880698541023925,7.585542451254986,7.766748290944912,2.2910289909359745,1.0,1.0,0.0006067961165048543,0.0024271844660194173,B-ZS,False,False,0.39753862039371346
0.01,0.8295210799838352,1,120,"[""train001""]",,,,0.01,avenue_to_ped2,total represented test-video duration,0.0,,,0.5190855817196803,0.5836251610863152,CAL_quantile_q99,0.5190855817196803,"{""ped2_camera_01"": 0.5190855817196803}","{""ped2_camera_01"": 0.0012135922330097086}",,"{""test001"": 0.34069444444444447, ""test002"": 0.632360217714003, ""test003"": 0.7551369863013698, ""test004"": 0.83, ""test005"": 0.5758582502768549, ""test006"": 0.6430068882899072, ""test007"": 0.4011522633744856, ""test012"": 0.4907922382894574}",8.002445846878,6.618936960255522,0.0,analysis/track_b/scores/avenue_to_ped2/prototype_seed43_cal_quantile_q99_budget1.npz,prototype,43,,391.09831323799256,478.87169361195424,2972.2438083844118,3129.7430724923647,3169.621552068322,3267.0106565693195,0.0,0.0012135922330097086,0.00424757281553398,0.02063106796116505,B-CAL,False,True,0.5190855817196803
0.004475138121546962,0.8295210799838352,1,120,"[""train001""]",,,,0.01,avenue_to_ped2,total represented test-video duration,35.82089562595594,,,0.5190855817196803,0.5836251610863152,CAL_mean_std,0.5190855817196803,"{""ped2_camera_01"": 0.5190855817196803}","{""ped2_camera_01"": 0.0048543689320388345}",,"{""test001"": 0.34069444444444447, ""test002"": 0.632360217714003, ""test003"": 0.7551369863013698, ""test004"": 0.83, ""test005"": 0.5758582502768549, ""test006"": 0.6430068882899072, ""test007"": 0.4011522633744856, ""test012"": 0.4907922382894574}",1.017090186539503,0.9098396852186301,0.0,analysis/track_b/scores/avenue_to_ped2/prototype_seed43_cal_mean_std_budget1.npz,prototype,43,,391.09831323799256,478.87169361195424,248.04081778300542,397.78225636651484,435.69647097601273,481.89296468072916,0.0055248618784530384,0.0048543689320388345,0.00424757281553398,0.02063106796116505,B-CAL,False,True,0.5190855817196803
0.0017127071823204425,0.8295210799838352,1,120,"[""train001""]",,,,0.01,avenue_to_ped2,total represented test-video duration,53.73134343893391,,,0.5190855817196803,0.5836251610863152,CAL_median_mad,0.5190855817196803,"{""ped2_camera_01"": 0.5190855817196803}","{""ped2_camera_01"": 0.013956310679611651}",,"{""test001"": 0.34069444444444447, ""test002"": 0.632360217714003, ""test003"": 0.7551369863013698, ""test004"": 0.83, ""test005"": 0.5758582502768549, ""test006"": 0.6430068882899072, ""test007"": 0.4011522633744856, ""test012"": 0.4907922382894574}",1.040150665147267,0.9448989049666177,0.0,analysis/track_b/scores/avenue_to_ped2/prototype_seed43_cal_median_mad_budget1.npz,prototype,43,,391.09831323799256,478.87169361195424,226.37245423708453,406.8011706524721,452.4853389134452,481.89296468072916,0.008287292817679558,0.013956310679611651,0.00424757281553398,0.02063106796116505,B-CAL,False,True,0.5190855817196803
0.01,0.8297365548120685,1,120,"[""train001""]",,,,0.01,avenue_to_ped2,total represented test-video duration,0.0,,,0.520202790591643,0.5856889113324768,CAL_empirical_cdf,0.520202790591643,"{""ped2_camera_01"": 0.520202790591643}","{""ped2_camera_01"": 0.0012135922330097086}",,"{""test001"": 0.3481944444444444, ""test002"": 0.6312469074715488, ""test003"": 0.7448630136986302, ""test004"": 0.8293333333333334, ""test005"": 0.597452934662237, ""test006"": 0.6413596885294999, ""test007"": 0.3974485596707819, ""test012"": 0.49561240884933877}",0.9255367125662264,0.8289573550346386,0.0,analysis/track_b/scores/avenue_to_ped2/prototype_seed43_cal_empirical_cdf_budget1.npz,prototype,43,,391.09831323799256,478.87169361195424,296.42578616379905,361.97584712448787,396.96421253752345,481.89296468072916,0.0,0.0012135922330097086,0.0012135922330097086,0.013349514563106795,B-CAL,False,True,0.520202790591643
0.007237569060773481,0.8295210799838352,2,270,"[""train001"", ""train002""]",,,,0.01,avenue_to_ped2,total represented test-video duration,17.91044781297797,,,0.5190855817196803,0.5836251610863152,CAL_quantile_q99,0.5190855817196803,"{""ped2_camera_01"": 0.5190855817196803}","{""ped2_camera_01"": 0.00424757281553398}",,"{""test001"": 0.34069444444444447, ""test002"": 0.632360217714003, ""test003"": 0.7551369863013698, ""test004"": 0.83, ""test005"": 0.5758582502768549, ""test006"": 0.6430068882899072, ""test007"": 0.4011522633744856, ""test012"": 0.4907922382894574}",8.002445846878,6.618936960255522,0.0,analysis/track_b/scores/avenue_to_ped2/prototype_seed43_cal_quantile_q99_budget2.npz,prototype,43,,391.09831323799256,478.87169361195424,2972.2438083844118,3129.7430724923647,3169.621552068322,3225.0902721913235,0.0027624309392265192,0.00424757281553398,0.00424757281553398,0.02063106796116505,B-CAL,False,True,0.5190855817196803
0.0010497237569060767,0.8295210799838352,2,270,"[""train001"", ""train002""]",,,,0.01,avenue_to_ped2,total represented test-video duration,71.64179125191188,,,0.5190855817196803,0.5836251610863152,CAL_mean_std,0.5190855817196803,"{""ped2_camera_01"": 0.5190855817196803}","{""ped2_camera_01"": 0.022451456310679612}",,"{""test001"": 0.34069444444444447, ""test002"": 0.632360217714003, ""test003"": 0.7551369863013698, ""test004"": 0.83, ""test005"": 0.5758582502768549, ""test006"": 0.6430068882899072, ""test007"": 0.4011522633744856, ""test012"": 0.4907922382894574}",1.101392739223217,0.9937154695281166,0.0,analysis/track_b/scores/avenue_to_ped2/prototype_seed43_cal_mean_std_budget2.npz,prototype,43,,391.09831323799256,478.87169361195424,252.59429094947677,430.75284252277237,475.8622098613275,481.89296468072916,0.011049723756906077,0.022451456310679612,0.00424757281553398,0.02063106796116505,B-CAL,False,True,0.5190855817196803
0.004475138121546962,0.8295210799838352,2,270,"[""train001"", ""train002""]",,,,0.01,avenue_to_ped2,total represented test-video duration,35.82089562595594,,,0.5190855817196803,0.5836251610863152,CAL_median_mad,0.5190855817196803,"{""ped2_camera_01"": 0.5190855817196803}","{""ped2_camera_01"": 0.006067961165048544}",,"{""test001"": 0.34069444444444447, ""test002"": 0.632360217714003, ""test003"": 0.7551369863013698, ""test004"": 0.83, ""test005"": 0.5758582502768549, ""test006"": 0.6430068882899072, ""test007"": 0.4011522633744856, ""test012"": 0.4907922382894574}",0.9908194863776332,0.9034687190392364,0.0,analysis/track_b/scores/avenue_to_ped2/prototype_seed43_cal_median_mad_budget2.npz,prototype,43,,391.09831323799256,478.87169361195424,209.2371192459549,387.5078298456265,432.645595611742,481.89296468072916,0.0055248618784530384,0.006067961165048544,0.00424757281553398,0.02063106796116505,B-CAL,False,True,0.5190855817196803
0.01,0.8287071020620583,2,270,"[""train001"", ""train002""]",,,,0.01,avenue_to_ped2,total represented test-video duration,0.0,,,0.5192506906077348,0.5833066165060288,CAL_empirical_cdf,0.5192506906077348,"{""ped2_camera_01"": 0.5192506906077348}","{""ped2_camera_01"": 0.0012135922330097086}",,"{""test001"": 0.339375, ""test002"": 0.633164275111331, ""test003"": 0.7517123287671232, ""test004"": 0.8303333333333334, ""test005"": 0.5802879291251384, ""test006"": 0.6415094339622641, ""test007"": 0.4005761316872428, ""test012"": 0.48949450006179707}",1.0667063222729727,0.9321305255920287,0.0,analysis/track_b/scores/avenue_to_ped2/prototype_seed43_cal_empirical_cdf_budget2.npz,prototype,43,,391.09831323799256,478.87169361195424,285.2837756110556,417.1870433612621,446.37092345765586,481.89296468072916,0.0,0.0012135922330097086,0.0012135922330097086,0.013349514563106795,B-CAL,False,True,0.5192506906077348
0.007237569060773481,0.8295210799838352,4,600,"[""train001"", ""train002"", ""train003"", ""train004""]",,,,0.01,avenue_to_ped2,total represented test-video duration,17.91044781297797,,,0.5190855817196803,0.5836251610863152,CAL_quantile_q99,0.5190855817196803,"{""ped2_camera_01"": 0.5190855817196803}","{""ped2_camera_01"": 0.00424757281553398}",,"{""test001"": 0.34069444444444447, ""test002"": 0.632360217714003, ""test003"": 0.7551369863013698, ""test004"": 0.83, ""test005"": 0.5758582502768549, ""test006"": 0.6430068882899072, ""test007"": 0.4011522633744856, ""test012"": 0.4907922382894574}",8.002445846878,6.618936960255522,0.0,analysis/track_b/scores/avenue_to_ped2/prototype_seed43_cal_quantile_q99_budget4.npz,prototype,43,,391.09831323799256,478.87169361195424,2972.2438083844118,3129.7430724923647,3169.621552068322,3225.0902721913235,0.0027624309392265192,0.00424757281553398,0.00424757281553398,0.02063106796116505,B-CAL,False,True,0.5190855817196803
0.007237569060773481,0.8295210799838352,4,600,"[""train001"", ""train002"", ""train003"", ""train004""]",,,,0.01,avenue_to_ped2,total represented test-video duration,17.91044781297797,,,0.5190855817196803,0.5836251610863152,CAL_mean_std,0.5190855817196803,"{""ped2_camera_01"": 0.5190855817196803}","{""ped2_camera_01"": 0.00424757281553398}",,"{""test001"": 0.34069444444444447, ""test002"": 0.632360217714003, ""test003"": 0.7551369863013698, ""test004"": 0.83, ""test005"": 0.5758582502768549, ""test006"": 0.6430068882899072, ""test007"": 0.4011522633744856, ""test012"": 0.4907922382894574}",0.9927341798368758,0.8927217567132872,0.0,analysis/track_b/scores/avenue_to_ped2/prototype_seed43_cal_mean_std_budget4.npz,prototype,43,,391.09831323799256,478.87169361195424,233.26912333140044,388.2566632279041,427.49917956153087,481.89296468072916,0.0027624309392265192,0.00424757281553398,0.00424757281553398,0.02063106796116505,B-CAL,False,True,0.5190855817196803
0.01,0.8295210799838352,4,600,"[""train001"", ""train002"", ""train003"", ""train004""]",,,,0.01,avenue_to_ped2,total represented test-video duration,0.0,,,0.5190855817196803,0.5836251610863152,CAL_median_mad,0.5190855817196803,"{""ped2_camera_01"": 0.5190855817196803}","{""ped2_camera_01"": 0.0012135922330097086}",,"{""test001"": 0.34069444444444447, ""test002"": 0.632360217714003, ""test003"": 0.7551369863013698, ""test004"": 0.83, ""test005"": 0.5758582502768549, ""test006"": 0.6430068882899072, ""test007"": 0.4011522633744856, ""test012"": 0.4907922382894574}",0.8864582655908009,0.8021559418635652,0.0,analysis/track_b/scores/avenue_to_ped2/prototype_seed43_cal_median_mad_budget4.npz,prototype,43,,391.09831323799256,478.87169361195424,198.83389783849657,346.69233242843865,384.12977442109775,481.89296468072916,0.0,0.0012135922330097086,0.00424757281553398,0.02063106796116505,B-CAL,False,True,0.5190855817196803
0.01,0.8293310048239799,4,600,"[""train001"", ""train002"", ""train003"", ""train004""]",,,,0.01,avenue_to_ped2,total represented test-video duration,0.0,,,0.519161850292335,0.5838242427141322,CAL_empirical_cdf,0.519161850292335,"{""ped2_camera_01"": 0.519161850292335}","{""ped2_camera_01"": 0.003033980582524272}",,"{""test001"": 0.3410416666666667, ""test002"": 0.6327931716971796, ""test003"": 0.7551369863013698, ""test004"": 0.83, ""test005"": 0.5771502399409376, ""test006"": 0.6428571428571429, ""test007"": 0.40131687242798353, ""test012"": 0.49029786182177726}",0.9615649753473017,0.8731193234812105,0.0,analysis/track_b/scores/avenue_to_ped2/prototype_seed43_cal_empirical_cdf_budget4.npz,prototype,43,,391.09831323799256,478.87169361195424,260.6846232095443,376.0664399270616,418.11212916077096,481.89296468072916,0.0,0.003033980582524272,0.003033980582524272,0.019417475728155338,B-CAL,False,True,0.519161850292335
